channel_title,trending_records,unique_videos,avg_views,avg_likes,avg_comments,avg_engagement
VikatanTV,208,154,726090.7932692308,3893.966346153846,584.1730769230769,0.6260357799522217
SAB TV,206,131,389744.2621359223,1838.6893203883494,147.7766990291262,0.5289229803579171
ETV Plus India,206,130,463894.4708737864,2993.364077669903,647.2621359223301,0.8869398942144395
etvteluguindia,205,154,436343.06829268293,2310.790243902439,354.2926829268293,0.45472487599831174
Study IQ education,202,170,56545.762376237624,2712.128712871287,457.05940594059405,5.997717750100754
Flowers Comedy,202,117,665046.4950495049,4867.554455445545,913.6039603960396,0.9018371548917892
Tarang TV,199,158,100597.98994974875,462.11557788944725,46.462311557788944,0.465050724712679
SET India,199,97,960484.7236180905,9815.38190954774,706.8844221105528,0.8750110636944508
Mazhavil Manorama,196,139,320912.5612244898,1827.6989795918366,553.3724489795918,0.6817636312531589
RadaanMedia,193,137,400982.2487046632,1911.3264248704663,258.5284974093264,0.5544693023875971
V6 News Telugu,190,107,404438.81052631576,2873.6894736842105,278.2473684210526,0.8281200857720002
Technical Guruji,189,112,511586.25396825396,58516.62433862434,33798.915343915345,16.45179021252562
T-Series,188,63,9298179.382978724,169216.6170212766,11510.297872340425,2.135739353465504
ETV Jabardasth,185,89,1480780.9513513513,7835.881081081081,610.6702702702703,0.5950152417441392
mallemalatv,184,100,900723.6032608695,5948.885869565217,574.3097826086956,0.7295956257775503
Vijay Television,183,100,480452.54098360654,3230.092896174863,181.68852459016392,0.664197904553266
Saregama TVShows,178,152,148346.79775280898,861.0898876404494,87.86516853932584,0.6529645577701408
zeetvtelugu,176,134,175571.01136363635,428.4943181818182,33.22727272727273,0.2421306945218004
Colors TV,173,131,287620.1387283237,1311.4161849710983,144.64739884393063,0.42667005074398673
zeetv,169,117,497699.6627218935,1781.6272189349113,104.75147928994083,0.3962456113686944
SunTV Tamil,168,106,325180.375,1267.9464285714287,211.04166666666666,0.4762162737895178
zeemarathi,165,136,132486.64242424243,424.6545454545454,14.55151515151515,0.3264807858238019
Speed Records,164,52,3956651.9085365855,107385.15853658537,7263.75,3.1372189456332933
Sony PAL,162,110,306846.8703703704,853.0925925925926,74.21604938271605,0.3198862562648742
Black Sheep,160,75,219180.975,11988.86875,1097.39375,5.937633326636333
5-Minute Crafts,158,105,2139037.170886076,21382.721518987342,1250.753164556962,1.1480437461426751
Adda247 :Official Channel of BankersAdda & SSCAdda,157,123,35519.32484076433,2303.184713375796,136.78343949044586,8.211994335485375
T-Series Apna Punjab,149,63,1729524.4295302012,36918.14093959732,1767.9395973154362,2.501630756048314
Aditya Music,147,56,1154176.0544217688,31939.897959183672,1801.8639455782313,2.4564996802427945
TV9 Telugu,147,80,407128.2380952381,1358.2857142857142,1094.0136054421769,0.6479943937744738
FilterCopy,145,56,1072244.6896551724,44444.620689655174,2103.7793103448275,4.593307287813823
THIRU TV,143,98,194292.72727272726,733.7272727272727,56.6993006993007,0.40817938433447704
The Screen Patti,137,40,953902.890510949,44890.65693430657,3239.868613138686,5.089095265816431
ETV Andhra Pradesh,135,124,94639.36296296296,473.3037037037037,46.762962962962966,0.5543910989422541
TeluguOne,135,55,157130.22222222222,2279.2296296296295,373.4888888888889,1.9427595131767144
Asianet,132,93,202885.4696969697,1013.8712121212121,170.6818181818182,0.46786892000705665
Dhaval Domadiya,130,49,447630.73846153845,9392.73076923077,524.7461538461539,2.4502601286254504
Polimer News,126,68,224486.69047619047,2389.0555555555557,267.6666666666667,1.1781189681370368
Zee Music Company,124,42,4486369.483870967,59980.79838709677,3451.6290322580644,1.699789059365685
And TV,123,89,139501.17073170733,808.3577235772358,45.5609756097561,0.636202120539013
Be YouNick,121,25,1207100.438016529,83592.68595041323,4252.06611570248,7.40664342499427
The Timeliners,121,31,1002252.0330578513,47433.38842975206,3913.0743801652893,4.995190639725748
Aaj Tak,121,67,441408.19008264464,2250.5537190082646,586.0661157024794,0.763716992533604
only ias,120,109,26893.066666666666,81.03333333333333,0.0,0.2970099155167181
Amit Bhadana,118,18,7250281.194915255,443871.36440677964,46443.86440677966,7.069493513268334
Kabaddi365.com,118,81,193338.71186440677,1951.3898305084747,14.64406779661017,1.0449927904389584
Zee Yuva,111,92,62999.77477477478,259.36036036036035,45.32432432432432,0.502788370160586
White Hill Music,110,40,2501599.590909091,48877.90909090909,2327.2272727272725,1.9098425136139285
First Show,108,57,234635.82407407407,624.8981481481482,129.64814814814815,0.3658107391210801
jaby koay,107,61,135809.03738317758,3074.2242990654204,621.2803738317757,2.842059662374432
Think Music India,107,32,889436.2897196262,24687.719626168226,969.4672897196261,2.8947050412623834
WWE,107,67,2277036.7757009347,37898.0,4586.467289719626,2.102996336870987
Lahari Music | T-Series,107,31,2405158.3177570095,62931.48598130841,3915.6355140186915,2.9367613484212853
LShokeen Films,106,21,1413800.3301886793,60481.24528301887,4308.132075471698,4.961933003296129
Mahendra Guru : Online Videos For Govt. Exams,106,83,41807.5,2813.0754716981132,325.35849056603774,8.17727811582557
BehindwoodsTV,105,52,261353.3523809524,3944.038095238095,355.0761904761905,1.978584334960785
Flowers TV,104,81,204166.3173076923,754.4326923076923,334.9807692307692,0.45864069955109216
Goldmines Telefilms,103,25,5753368.029126214,43389.961165048546,2371.126213592233,0.9628347671560193
Madras Central,103,47,372621.3495145631,20257.0,1374.1553398058252,5.420738117903475
Aashqeen,101,25,754377.7722772277,59518.13861386139,5114.524752475248,9.331338925908959
zeebangla,101,90,232355.53465346535,740.1188118811881,29.00990099009901,0.34133900061686373
zeetamil,100,71,286830.41,920.35,76.78,0.34569023993102727
zeekannada,100,82,64232.99,271.28,9.13,0.3722632885218624
Geet MP3,100,26,2973623.04,101303.59,8449.17,3.9898635603380477
Connecting,99,45,275451.45454545453,778.070707070707,130.08080808080808,0.4310510931973257
MostlySane,98,30,709004.0102040817,47966.28571428572,3565.295918367347,7.993651748357876
NIROM मराठी,98,59,103339.79591836735,452.16326530612247,30.897959183673468,0.5027963204315047
RealSHIT,97,20,1113020.3402061856,101588.8762886598,5954.546391752578,10.118253893571275
Vikram Aditya,96,47,152976.54166666666,5372.135416666667,1878.8125,4.903736533260736
Murari Ki Kocktail,96,34,312703.1979166667,6356.520833333333,589.2291666666666,2.4651864921086983
NTV Telugu,95,49,310901.46315789473,1577.378947368421,302.13684210526316,0.5493631727560431
Sony Music India,95,31,3896052.452631579,106185.72631578948,5478.6736842105265,4.70958212298727
Thanthi TV,94,50,244016.81914893616,2323.031914893617,598.1063829787234,1.3194302768618968
OmFut,93,50,403066.0752688172,941.6236559139785,100.52688172043011,0.3373416721946759
Rishhsome,92,21,644385.1630434783,39034.54347826087,2280.2065217391305,6.807731978860562
ABN Telugu,92,47,466836.85869565216,1716.9565217391305,0.0,0.42868295566585324
The Wire,91,58,144531.1978021978,7430.0,1169.9120879120878,6.088855385133327
Ditto TV,90,65,214651.47777777776,635.5444444444445,32.78888888888889,0.3146637051413207
The Late Show with Stephen Colbert,90,75,1301838.611111111,18475.066666666666,2122.7444444444445,1.5709912481639026
Hasley India,88,20,665694.9545454546,28625.75,1272.6363636363637,4.850991516497017
Girliyapa,88,25,791714.6704545454,27307.988636363636,1438.3181818181818,4.179581588977123
Tollywood Nagar,88,43,376778.88636363635,1058.8181818181818,0.0,0.3377415458820911
Shri Devkinandan Thakur Ji,88,70,42868.204545454544,3393.681818181818,190.8181818181818,8.6391086405883
YOYO TV Channel,87,42,357495.1034482759,2179.2758620689656,384.91954022988506,0.7683466413072755
ABP Majha,86,50,312480.3604651163,1981.8837209302326,316.6046511627907,0.7825917850457826
Lokdhun Punjabi,85,28,2107401.6705882354,58983.76470588235,2438.823529411765,3.1572265675089497
Mahathalli,83,32,327871.7831325301,7841.975903614458,1308.5903614457832,2.77637350928245
Brijnaari Sumi,83,49,115629.38554216867,1063.5421686746988,148.36144578313252,1.35215612041246
SumanTV,83,45,196449.578313253,1557.120481927711,195.09638554216866,0.9639423264627235
YRF,82,24,6701132.731707317,124243.65853658537,11065.646341463415,1.891881448786347
ashish chanchlani vines,82,13,4668600.463414635,346282.3048780488,24358.731707317074,8.372423474486968
Elvish yadav,82,23,1216286.1585365853,129169.65853658537,8486.707317073171,11.734774443975471
Dr. Vivek Bindra: Motivational Speaker,81,30,318466.8765432099,33199.1975308642,4342.037037037037,12.586809006796848
PewDiePie,81,38,3890498.1975308643,294828.0,34074.2962962963,9.020002301444102
Puthiya Thalaimurai TV,81,44,236454.62962962964,1982.0493827160494,518.7283950617284,0.9454824147414671
ZEE 24 TAAS,81,43,270283.8271604938,1331.5802469135801,104.9753086419753,0.5632094732449167
DAHIYA FILMS,80,21,627328.3,8571.8375,848.1625,1.6561729466577468
IndiaTV,79,41,554968.1392405063,5178.06329113924,861.9746835443038,1.0270923579808358
Sonotek Bhakti,79,46,165781.1265822785,929.0506329113924,114.74683544303798,0.7058784815648999
Telugu Filmnagar,79,35,398059.9240506329,3649.6329113924053,287.6455696202532,1.2881621814324582
Tamil Talkies,78,26,460638.0256410256,11062.01282051282,2650.5128205128203,2.6984764658353697
Bhavani HD Movies,78,31,572641.4230769231,3228.0128205128203,276.65384615384613,0.6140047508486507
Humble Music,77,23,3010872.4025974027,66721.8961038961,4643.571428571428,2.532177788225485
IndiaGlitz Tamil Movies | Interviews | Shooting Spot | Review | Gossip,74,41,244825.16216216216,2904.6486486486488,285.18918918918916,1.4385024650004616
TV9 NOW,74,39,329672.2297297297,1408.2972972972973,515.8513513513514,0.6217163170558864
Irahul Vohra,73,38,101388.23287671233,5988.931506849315,533.4520547945206,8.332180003677777
Troom Troom,73,48,2599714.02739726,26731.027397260274,2602.1917808219177,1.3510217608308805
chandanavana,70,36,130085.41428571429,203.54285714285714,18.642857142857142,0.20591897878517249
Harsh Beniwal,70,12,2902533.342857143,229757.4714285714,16016.185714285713,9.028350047019178
Natural HealthCare,70,39,189867.14285714287,1389.4857142857143,69.17142857142858,0.7161845646312661
Smile Settai,70,33,151117.42857142858,5776.271428571428,1166.9714285714285,4.220816194090385
TV9 Today,69,29,358290.94202898553,2275.4347826086955,797.9565217391304,0.8481193100104111
Gemini TV,69,44,113472.42028985507,896.9710144927536,115.3768115942029,0.8670103768722565
Sharmaji Technical,68,44,166620.0,14521.691176470587,5858.573529411765,13.311385546325102
Mana Telugu,68,37,83344.14705882352,367.9117647058824,0.07352941176470588,0.5446489414302702
Geekyranjit,68,42,260163.42647058822,7618.60294117647,1584.3235294117646,4.082037275430675
iDream Telugu Movies,68,29,234751.9411764706,1310.7205882352941,323.72058823529414,0.8540482988340357
Nisha Madhulika,68,43,152590.95588235295,3580.3088235294117,1104.7794117647059,3.338938629854157
TV9 Entertainment,68,32,424045.4411764706,3899.264705882353,519.1764705882352,1.0196385117093765
BiscootTV,67,29,1221617.3731343283,7119.119402985075,654.0,0.7485529134795451
YOYO Cine Talkies,67,38,319861.14925373136,732.3880597014926,62.3134328358209,0.45861760030108234
Garam Chai,67,32,475621.70149253734,1077.0298507462687,152.19402985074626,0.3547317683359248
Girl Formula,67,26,252033.23880597015,7829.268656716418,835.0149253731344,3.4114539085619895
Manorama News,67,39,261119.46268656716,1129.089552238806,329.55223880597015,0.5447054822476779
VisionTimeTamil,66,56,118025.24242424243,632.8333333333334,75.10606060606061,0.5716482963431673
ABP NEWS HINDI,66,36,464051.3181818182,3312.1363636363635,1170.6060606060605,0.9765112854949063
Friday Poster,66,24,424204.54545454547,2118.8030303030305,515.4090909090909,0.7314766153855885
The Voice India Kids,66,35,228454.66666666666,2792.030303030303,155.53030303030303,1.3911573409147577
Voice of Dissent,66,30,262994.42424242425,5575.272727272727,1157.939393939394,3.178730746480733
AstroMitram,65,34,129688.63076923077,1225.3846153846155,85.3076923076923,1.3608122457428344
Wave Music,65,27,2264592.369230769,10434.646153846154,1632.2615384615385,0.6877075749867347
TV9 Trending,64,28,504161.234375,2489.6875,1289.296875,0.7993525733247889
Warangal Diaries,64,30,116555.15625,8253.875,1509.171875,9.212999603366567
Angry Prash,64,17,658224.78125,63233.328125,6806.203125,11.76149814802346
ABP NEWS,64,33,560307.640625,2263.09375,666.609375,0.8726420008724771
Oneindia Tamil | ஒன்இந்தியா தமிழ்,64,31,289026.828125,4003.078125,230.109375,1.0715225402550823
All India Bakchod,64,19,995936.859375,46660.953125,3373.640625,5.102431234176049
The Viral Fever,63,16,1150695.5873015872,46225.031746031746,4050.8253968253966,4.397526326401976
Emm Pee,63,40,66368.30158730158,1570.7301587301588,0.4603174603174603,2.2266320569284073
News 18 Tamilnadu,63,25,337612.01587301586,1661.7936507936508,271.6507936507937,0.5729879839910351
TV1,62,36,200154.88709677418,2220.8548387096776,205.3548387096774,1.2674770414060876
NewsQube,62,28,344370.01612903224,1846.2096774193549,243.61290322580646,0.6883222885033243
NewsGlitz - Next Generation Tamil News Channel,61,31,222909.29508196723,2700.8032786885246,396.4590163934426,1.3649725089867832
Mana Stars,61,29,567039.131147541,3232.4918032786886,575.4918032786885,0.8798932359048492
Viralbollywood,61,29,474265.62295081967,3295.7704918032787,516.016393442623,0.9798871517629302
Hyderabad Diaries,61,22,116514.67213114754,10412.590163934427,786.2131147540983,9.895651773698003
My Village Show,61,19,419764.9672131148,13555.803278688525,1678.3934426229507,3.982223156754506
Kanak News,61,40,185352.4262295082,1254.2459016393443,129.91803278688525,0.9521650905762726
TroubleSeekerTeam,60,18,356023.2833333333,23486.45,1724.2833333333333,7.749172060068318
hmtv News,60,29,420516.0333333333,2581.65,412.8,0.7554817049683784
Star Maa,59,24,400244.0338983051,3506.7118644067796,414.06779661016947,0.8907575820864152
FilmiBeat,59,39,437680.30508474575,1882.135593220339,590.9661016949152,0.890890627207886
Mahaa News,59,22,701901.5084745763,3803.508474576271,1980.7288135593221,0.903889136290575
T-Series Bhakti Sagar,59,29,342553.3898305085,2384.5254237288136,308.54237288135596,1.000723066484671
Marques Brownlee,59,36,1153239.813559322,55071.372881355936,6969.932203389831,5.858632673003254
Vision Time Tamil,58,44,252677.56896551725,1198.0,246.8793103448276,0.5677196715920552
Shitty Ideas Trending,58,26,280785.9137931034,8079.775862068966,1248.7068965517242,3.305076488499406
GOODWILL ENTERTAINMENTS,58,19,480666.9827586207,18091.844827586207,1374.0344827586207,4.056328650806394
Jump Cuts,58,13,721569.1896551724,54143.293103448275,3871.0344827586205,7.831380957560804
GOLAZO TV,57,32,2168473.5789473685,14865.122807017544,2332.1929824561403,0.7687850675456704
Harshdeep Ahuja,57,16,352385.3333333333,26348.59649122807,1802.1929824561403,8.24410092947816
SahibNoor Singh,56,20,277201.9285714286,22859.98214285714,1905.5,9.763023953990622
WiFiStudy,56,40,77694.55357142857,4708.482142857143,500.875,9.902561285047396
NMF News,56,24,867489.1785714285,4956.767857142857,675.1785714285714,0.8317526926466761
Filmylooks,56,28,486695.4464285714,2795.1785714285716,200.42857142857142,0.7751392056734305
Mythri Movie Makers,56,10,4027817.6964285714,96802.03571428571,5251.571428571428,2.1953102321587683
Sonotek,55,32,364260.7454545455,4114.436363636363,368.25454545454545,1.1490978506176155
Mor Haryanvi,55,23,266331.9818181818,3549.090909090909,370.76363636363635,1.72401463127386
Zee Tamil,55,42,408297.32727272727,1215.2181818181818,94.52727272727273,0.3430912453950323
Moviebuff Tamil,54,20,774657.1481481482,10920.814814814816,319.4259259259259,1.8568629250402608
The Baigan Vines Official,54,21,128816.03703703704,9952.25925925926,1162.3703703703704,9.438876641876098
SeeKen,53,23,144428.4150943396,9347.0,838.9245283018868,7.8061355400482135
Marvel Entertainment,53,18,19965553.58490566,645061.679245283,79266.88679245283,4.006030188419726
Crazy 4 Bollywood,53,18,1361838.1320754718,5958.754716981132,507.9811320754717,0.9258558547374244
Oneindia Hindi | वनइंडिया हिन्दी,52,33,393281.0,2068.8076923076924,148.46153846153845,0.6911690561799279
East India Comedy,52,17,340269.8846153846,22491.23076923077,1740.9038461538462,7.458199311523653
Love Rudrakash,52,19,147192.4423076923,6519.115384615385,749.1346153846154,5.969213444825669
TheEllenShow,52,32,2465637.5,49867.25,3783.9423076923076,2.450255983189702
Ajendra Creations,52,25,522528.78846153844,3074.903846153846,301.5769230769231,0.8380601116944203
BB Ki Vines,52,10,7180913.538461538,535449.8076923077,48819.519230769234,8.489281637454134
Saas Bahu Aur Betiyaan,52,38,203840.01923076922,1803.423076923077,675.0,1.0423463437146416
Wave Music - Bhojpuri Movies,51,19,876924.5882352941,1599.0196078431372,229.9607843137255,0.2235322775804419
Dil Raju,51,15,2806258.882352941,37984.80392156863,1564.450980392157,1.4133104377838752
Ondraga Entertainment,51,17,648396.0588235294,19447.70588235294,1050.1176470588234,3.5765409497216196
9Roses Media,51,25,400816.3725490196,881.3725490196078,191.90196078431373,0.3007966243710494
Manoranjan Marathi,50,37,138176.54,500.42,20.54,0.35559465916212996
Sham Idrees,50,25,345995.8,20857.2,2474.08,7.298286842453732
LaLiga Santander,50,26,822645.12,6110.62,467.52,0.8436477612204115
asianetnews,49,28,189919.02040816325,1761.6122448979593,162.83673469387756,1.0586224071097683
TV5 News,49,24,409679.32653061225,1759.3673469387754,304.6938775510204,0.8301419707387888
Dude Perfect,49,13,10757370.0,425464.5918367347,30919.61224489796,4.398133040528072
Malayali Live,49,28,338257.1632653061,4318.163265306122,528.9591836734694,1.5014461821694878
Sarthak Music,49,24,455984.1632653061,3290.0204081632655,123.9795918367347,0.8115436256372206
ETV Dhee,49,10,3403912.6530612246,17177.918367346938,3224.1020408163267,0.6471362024203742
TellyMasala,49,30,369191.5306122449,2861.0,1179.0816326530612,1.248590054671487
Movie Talkies,49,17,801765.306122449,6276.836734693878,584.7551020408164,0.8683524723434941
News7 Tamil,48,25,201966.625,1806.875,374.8333333333333,0.9603997520739859
Zee News,48,27,290800.1666666667,2348.2083333333335,851.8333333333334,1.441955099408597
So Effin Cray,48,17,630019.375,24004.104166666668,1441.0208333333333,4.553363245228443
Jass Records,48,20,1709312.75,28689.979166666668,1213.9583333333333,2.144138654383632
TsMadaan,47,31,111367.63829787234,4110.212765957447,426.36170212765956,5.140528601756426
The Lallantop,47,19,1708135.2765957448,14580.91489361702,1458.4468085106382,1.238428781587401
CarryMinati,46,7,2157079.195652174,261654.8260869565,29134.91304347826,14.458062184643223
Fully Filmy,46,24,106706.80434782608,3192.5652173913045,247.91304347826087,3.7876343258325242
भक्ति,46,26,168010.5,1244.7173913043478,125.97826086956522,0.9478432661391187
Malayalam News Time,46,22,330709.82608695654,106.3695652173913,124.43478260869566,0.12711025423263436
Nakkheeran TV,45,27,191480.35555555555,1517.5333333333333,276.0888888888889,1.0299536321876173
Manorama Music Songs,45,16,404999.26666666666,12652.555555555555,848.0666666666667,3.4148144565484833
Mango Music,45,21,540212.8222222222,9231.644444444444,443.84444444444443,1.80308521263663
Chai Bisket,45,14,217926.82222222222,6272.177777777778,733.3777777777777,3.3984484973433338
SVF,45,21,332874.4666666667,7917.066666666667,844.3555555555556,3.108339275744312
STAR Plus,44,27,498023.7272727273,3196.7272727272725,239.52272727272728,1.1754720984285714
Filmy Focus,44,18,721407.5909090909,4230.659090909091,354.4318181818182,0.7193582914780058
The Daily Show with Trevor Noah,44,39,1109280.7727272727,20804.81818181818,3426.590909090909,2.1901855097218443
Dude Seriously,44,27,87702.47727272728,5186.977272727273,401.0,6.605199726392027
Khajur Bhai Ni Moj,44,17,427950.8409090909,7170.386363636364,342.20454545454544,1.8848177261312393
Prime Minister Narender Modi,44,26,716673.3181818182,6869.863636363636,994.0227272727273,1.308166167230178
Sonotek Haryanvi,44,19,921205.2727272727,3869.659090909091,400.34090909090907,0.5307565296491793
Vikatan TV,44,25,159627.52272727274,1648.590909090909,212.1590909090909,1.2391952022443555
Nazar Battu Productions,44,11,493862.61363636365,32653.090909090908,2314.068181818182,7.409659656328376
FoxStarHindi,44,7,22339854.90909091,437743.38636363635,32329.590909090908,1.8660368263760203
Zakir Khan,44,11,1175870.3409090908,45503.52272727273,1949.3863636363637,4.666206109437966
RDC Gujarati,43,24,312836.5581395349,3095.6744186046512,192.90697674418604,1.0891161835801844
Eagle Media Works,43,24,128255.3488372093,772.9069767441861,115.83720930232558,0.8346898784455042
DVV Entertainments,43,14,2868441.9534883723,89566.83720930232,5256.511627906977,3.158207924119566
Shudh Desi Endings,43,17,557279.0465116279,15221.67441860465,1202.046511627907,3.734687092778186
Sakshi TV,43,18,310690.62790697673,151.7906976744186,0.0,0.025191918920978343
Dreamz Unlimited,43,21,63154.13953488372,4962.860465116279,366.69767441860466,8.74492057261373
Jordindian,42,10,662938.7857142857,36162.47619047619,2934.595238095238,6.428204249394272
Total Tollywood,42,16,439118.1666666667,1854.1666666666667,61.666666666666664,0.5646132301830716
VehliJantaRecords,42,13,1221975.738095238,42781.71428571428,2951.785714285714,3.8870725023224333
Anand Audio,42,20,254099.40476190476,5527.380952380952,295.7857142857143,2.5267176735018166
Pyara Hindustan,42,21,445340.54761904763,3522.8809523809523,467.9047619047619,1.1659508156385225
Muzik247,41,16,2832874.2195121953,56793.60975609756,3303.390243902439,2.7889194812232994
Galatta Tamil | கலாட்டா தமிழ்,41,18,205694.29268292684,2558.0243902439024,144.5609756097561,1.582639213112567
tamilcinemareview,41,17,359268.14634146343,8747.048780487805,1355.6097560975609,2.879657105042402
Entertainment Circle,41,20,301668.85365853657,455.0487804878049,43.36585365853659,0.1685207984956555
Unacademy,41,30,48227.12195121951,2177.829268292683,491.2926829268293,5.973600057024969
satyamvideos,41,13,407226.9024390244,9945.658536585366,428.1463414634146,3.2435647015612044
Filmy Poster,41,22,254503.1219512195,769.560975609756,75.1219512195122,0.3709672010597414
TV9 Live,41,21,104730.63414634146,591.560975609756,384.8048780487805,0.8573300351012609
Around Telugu,41,17,391561.5853658537,3091.8048780487807,650.4634146341464,1.0414987227874772
1 Kg Biriyani,41,18,145297.17073170733,8339.80487804878,576.9512195121952,7.098638670101579
Power Vision,40,27,446595.575,1950.8,116.375,0.5027425265846648
5nMedia,40,16,314942.65,1068.275,110.075,0.30237904130553406
Top Telugu Media,40,18,201254.2,705.475,93.75,0.4156773796775529
FLAME MEDIA,40,17,581685.8,2544.025,294.925,0.5370501172046759
Vanitha Tv,40,13,293271.125,2039.425,175.175,0.7567162624472681
Radio Mirchi Tamil,40,16,390720.575,16491.85,1074.325,3.6694106658657213
Gossip Adda,40,16,139919.025,487.975,33.675,0.4303428918150261
Abish Mathew,39,13,563212.2051282051,14009.102564102564,1251.6923076923076,2.8686769360911977
Pyaar Lafzon Mein Kahan,39,15,1381509.5384615385,16082.71794871795,2805.0,1.4554834630298856
Sandalwood Studios,39,18,190026.35897435897,1720.0,120.87179487179488,0.7068904235562031
Kaumudy,39,22,176516.64102564103,1082.8974358974358,200.51282051282053,0.7780819597565021
Rose Telugu Movies,39,19,493834.58974358975,2998.4358974358975,324.79487179487177,0.7007297362127374
YOYO TV Kannada,39,21,153984.64102564103,708.5384615384615,27.82051282051282,0.5411320726203868
FactTechz,39,16,299937.358974359,23151.17948717949,3370.4358974358975,10.807272909265166
TFPC,38,18,264026.0263157895,1753.7631578947369,200.05263157894737,0.9516403366045673
Pagal Gujju,38,16,327535.36842105264,7283.815789473684,503.42105263157896,2.4889896471484882
Mana Health And More,38,24,356406.05263157893,2414.5263157894738,61.13157894736842,0.7721958751378053
National Dastak,38,23,155576.81578947368,2705.315789473684,531.6052631578947,2.4211507935978993
Viu India,38,21,816552.5,4239.684210526316,298.7631578947368,0.943709663710957
New Bharathi Studio,38,21,317926.7894736842,1723.8157894736842,200.1315789473684,0.7810073220366178
VIVA,38,11,793090.8157894737,19137.026315789473,1338.4473684210527,2.7380979976279947
Wunderbar Studios,38,10,5547712.47368421,159511.31578947368,9775.0,3.2446335420934815
Kollywood Talk,37,15,365270.02702702704,4079.810810810811,126.72972972972973,1.417459220124133
a2z Media,37,17,174434.45945945947,741.8108108108108,62.08108108108108,0.3967724983665876
Red Pix 24x7,37,18,153653.64864864864,1364.4054054054054,348.3783783783784,1.1256112527150013
News 24,37,24,108533.51351351352,800.3513513513514,133.21621621621622,1.0658206438700284
muluguastro,36,17,97406.44444444444,455.30555555555554,18.38888888888889,0.6078703837949565
Bollywood Spy,36,23,277434.3888888889,2631.0833333333335,1210.2777777777778,1.6906548755304311
Suvarna News | ಸುವರ್ಣ ನ್ಯೂಸ್,36,20,161970.91666666666,635.5,81.16666666666667,0.46684760523983915
Film Companion,36,18,245697.02777777778,7256.861111111111,713.3611111111111,2.3789892744254137
Public TV | ಪಬ್ಲಿಕ್ ಟಿವಿ,36,24,166749.66666666666,590.8611111111111,69.41666666666667,0.4485507883140176
Fresh Media Records,36,11,1923589.9722222222,53427.583333333336,3523.8888888888887,3.4278038392505508
Daily Diary News,36,15,336282.97222222225,4245.944444444444,644.7777777777778,1.6747834681899825
Annapurna Studios,36,8,1897031.0555555555,30584.777777777777,2191.4444444444443,1.8931120768816383
Calvary Temple Hyderabad,36,31,14418.333333333334,1032.1666666666667,166.91666666666666,8.685517369025114
Studio Saraswati Official,36,15,611697.8888888889,9463.638888888889,650.3888888888889,1.9195320450072546
Tamil Trending,36,15,371316.3611111111,953.1388888888889,86.25,0.3044494291997976
Studio Sangeeta,36,11,283306.5833333333,4667.777777777777,192.13888888888889,1.9598720326565686
MarkAngelComedy,36,20,454807.27777777775,16109.111111111111,1299.6666666666667,4.043775868330859
ScoopWhoop,35,18,294275.9142857143,10547.8,304.8,5.285880812784457
10 DEGREE INDIAN FACTS,35,15,398287.5142857143,1732.5428571428572,1111.1142857142856,0.6900886503717493
RDC Rajasthani,35,14,978003.5142857142,8133.5142857142855,762.6,1.8597732963603537
BRIGHT SIDE,35,21,564772.2857142857,12834.142857142857,3315.657142857143,3.2522661133578197
Volga Video,34,14,473002.1176470588,1967.735294117647,96.52941176470588,0.573608370124373
TamilCrowd,34,16,203272.91176470587,910.2352941176471,33.23529411764706,0.43234572874204535
Filmistaan,34,12,1017558.9117647059,1956.8235294117646,267.3529411764706,0.21661025358610841
Univrsal Media Pro,34,20,499257.79411764705,4197.970588235294,667.8529411764706,0.9431804541448447
Tips Official,34,9,8802850.823529411,166049.5294117647,24211.558823529413,2.135170398735771
Sports Edge,34,13,937682.1764705882,19000.823529411766,1002.9705882352941,2.406802563396881
FILM COURT,34,19,269950.23529411765,726.5882352941177,89.02941176470588,0.41127260793068704
VIRAL IN  INDIA,34,14,650908.7647058824,7184.558823529412,717.6764705882352,1.2993696761660944
Tv9 Kannada,34,22,136945.9705882353,920.7058823529412,59.61764705882353,0.6707363857395002
Daily Post Punjabi,34,17,112605.73529411765,1317.8235294117646,199.6764705882353,1.1140513386914765
Wetalkiess,33,14,340708.51515151514,3374.4545454545455,628.3333333333334,1.3470132055245534
Thirty Seconds News,33,10,633465.2424242424,1233.2727272727273,35.75757575757576,0.22217842353450096
Yuvan Shankar Raja,33,8,680374.7272727273,26695.0,1174.6363636363637,4.421147963237649
Friday Film House,33,10,688291.7575757576,21750.81818181818,1017.8787878787879,2.6208272757214464
Selfie Review,33,20,72208.15151515152,2225.090909090909,429.93939393939394,3.8859593483980195
Jayas Kumar,33,13,432425.9393939394,6058.181818181818,329.24242424242425,1.9628520316742892
Jimmy Kimmel Live,33,16,2860919.5454545454,62686.454545454544,5391.939393939394,2.344110861147441
Baap Of Bakchod,33,13,361108.3939393939,17786.545454545456,1515.5454545454545,6.938999680393287
Pradeep Machiraju,33,11,427821.45454545453,3541.5151515151515,388.3636363636364,1.130803424617021
Eruma Saani,32,8,938474.15625,59024.96875,2134.46875,6.392099257405946
The Times of India,32,14,996762.34375,4183.25,446.875,0.39143269641628664
Tarang Cine Productions,32,11,585181.78125,5863.03125,568.4375,1.5290458995438116
NDTV,32,17,616121.375,4346.28125,492.25,0.8431185809016851
Dice Media,32,8,1286687.78125,39876.78125,2770.125,3.372465427637197
Funk You,32,10,288648.28125,12410.46875,797.28125,5.467833222166048
ActorVarunPruthi,32,12,441963.25,29847.03125,2945.03125,9.984690451280782
Colors Kannada,32,25,68074.8125,132.59375,11.5625,0.22153947556659365
HJ NEWS,31,9,1518237.6129032257,3195.451612903226,159.48387096774192,0.21568251637887786
Rhythm Boyz,31,8,1571600.9032258065,23900.74193548387,1261.1935483870968,2.1396759611285194
Kiraak Hyderabadiz,31,15,103445.64516129032,6286.0,686.1612903225806,7.074649381105868
Goldmines Premiere,31,14,1244565.064516129,4066.967741935484,0.0,0.3417506113386835
Kollywood,31,13,338287.77419354836,2068.032258064516,166.67741935483872,0.571546676966268
Cinema Vikatan,31,15,676874.3548387097,8855.709677419354,558.6774193548387,1.6061679160808564
CaseyNeistat,31,21,1886096.1935483871,105395.2258064516,11350.032258064517,6.439915072160005
Kandathum Kettathum,31,16,181821.87096774194,1367.032258064516,141.48387096774192,0.8418414888528858
Tamil,31,11,501592.1612903226,5647.935483870968,556.6451612903226,1.6542295729672063
filmmatter,31,18,243392.96774193548,1241.8064516129032,132.03225806451613,0.6399507302424823
Mathrubhumi News,31,18,132277.09677419355,0.0,82.3225806451613,0.04883620950793506
We support you,30,12,510171.36666666664,144.16666666666666,14.666666666666666,0.08235373694347628
Telugu World visite,30,15,316905.23333333334,2145.9333333333334,97.03333333333333,0.7443683926910348
2 Minutes News,30,14,540002.4333333333,1930.7333333333333,177.9,0.5416554543161689
Golden Era Education,30,23,67540.1,2238.3333333333335,1037.2333333333333,5.589632737053289
20th Century Fox,30,8,11035798.866666667,262583.1,16617.166666666668,2.546966609708624
Universal Pictures,30,6,13278807.966666667,220413.93333333332,27448.366666666665,2.0280173701167272
Dekho Dekho,30,17,265779.7,1399.1333333333334,574.3333333333334,0.7906995201517515
SANDALWOOD REVIEWS,30,15,93837.83333333333,226.23333333333332,71.43333333333334,0.36623874584753546
BookMyTV,30,15,354850.0,2416.5333333333333,939.0666666666667,1.0364206809966354
Stars and News,30,18,228646.6,2045.4666666666667,356.46666666666664,1.1517045875482337
Headlines India,30,12,694563.0666666667,3735.2,897.2666666666667,0.8589596369045115
Mirchi Bangla,30,17,53367.833333333336,2116.0333333333333,295.3,4.520090372642972
Juke Dock,30,9,819761.8666666667,21055.9,1351.7,3.027310983014682
Warner Bros. Pictures,30,9,8801576.4,105255.46666666666,18282.3,1.5255165861415052
Freeticket,29,10,504883.1724137931,2293.551724137931,281.3103448275862,0.5462028546074429
The Quint,29,16,264574.4827586207,1485.8620689655172,303.62068965517244,0.732562002274976
Tamil Speedy,29,19,271676.275862069,1274.5172413793102,82.44827586206897,0.4608290109355633
Sandeep Maheshwari,29,7,686635.8620689656,34177.58620689655,3173.862068965517,5.6783709919945204
PlayEven,29,18,59431.93103448276,258.1034482758621,22.586206896551722,0.4305740408404824
agn,29,19,88146.68965517242,504.1034482758621,21.896551724137932,0.6708749088408922
Netflix,29,10,2401411.4827586208,61005.137931034486,5366.206896551724,2.474453715147556
Mr.Venkat,29,15,347756.1724137931,1642.7931034482758,200.82758620689654,0.4442233123120174
Haarika & Hassine Creations,28,6,3587888.285714286,147878.39285714287,9095.035714285714,3.959810593831942
Tollywood Central,28,15,245144.67857142858,897.8928571428571,122.21428571428571,0.4168132809182917
ABP ANANDA,28,14,219658.14285714287,883.75,130.85714285714286,0.5750491729761416
Malayalam Muzik247,28,12,165444.0357142857,4562.678571428572,277.32142857142856,3.2042788065953194
Namma Karunadu ನಮ್ಮ ಕರುನಾಡು,28,14,69900.14285714286,91.82142857142857,46.142857142857146,0.20511638357106787
SonyMusicSouthVEVO,28,8,1195807.5714285714,45436.392857142855,1612.4642857142858,3.7617959597283943
Desi Music Factory,28,8,5744619.964285715,111231.07142857143,3575.3214285714284,2.680733807262805
SoSorry,28,7,902217.9642857143,9174.75,745.6785714285714,1.5155952119732468
Marathi Tadka,28,11,353255.14285714284,2526.6785714285716,184.85714285714286,1.0463932572216017
Zee Marathi,27,19,329568.4074074074,1184.148148148148,42.96296296296296,0.36087117098558225
Trend Music,27,9,427360.037037037,18179.51851851852,580.4814814814815,4.3864759399933
News Tak,27,12,660024.6666666666,5582.074074074074,1699.7777777777778,1.2803296718348658
Rajshri Marathi ShowBuz,27,20,102927.70370370371,471.81481481481484,64.44444444444444,0.552147700374575
nigahiga,27,11,2722868.3333333335,214064.14814814815,20954.555555555555,9.092180210984905
SnG Comedy,27,16,68182.77777777778,2241.037037037037,362.3333333333333,4.241615327223888
inKhabar,27,15,264441.5925925926,1372.851851851852,432.4074074074074,0.671134823448172
Sony Pictures Entertainment,27,5,21759971.592592593,515035.3333333333,58666.851851851854,2.3826850307997574
News Mantra,27,14,431313.81481481483,1867.6296296296296,191.4814814814815,0.45746596848336263
Viacom18 Motion Pictures,27,9,2660125.037037037,38668.48148148148,4215.740740740741,1.715321925324906
LastWeekTonight,27,13,3228003.8518518517,88152.88888888889,10640.185185185184,3.13818749114557
Oneindia Malayalam | വണ്‍ഇന്ത്യ മലയാളം,27,13,149864.59259259258,357.44444444444446,55.925925925925924,0.2872171765167997
Rajya Sabha TV,26,13,191749.53846153847,4054.769230769231,472.15384615384613,2.841912726465661
Rickshawali,26,14,360654.92307692306,16170.307692307691,1815.1538461538462,5.522476536065278
Telugu Dheera,26,12,245867.42307692306,1197.8461538461538,118.38461538461539,0.42926090532674066
Bharatiya Digital Party,26,11,130076.26923076923,4126.076923076923,360.88461538461536,4.101286634565317
Chandragiri Subbu,26,19,43931.730769230766,942.2307692307693,281.11538461538464,2.834789742059577
Bollywood Now,26,9,639966.1923076923,2935.8076923076924,299.65384615384613,0.6487309851150325
Trending Visuals,26,15,97122.5,542.7307692307693,20.884615384615383,0.6895928512288682
Manchu Mon,26,16,183775.92307692306,208.84615384615384,15.76923076923077,0.061561081426327297
Sathiyam News,26,15,211883.42307692306,78.46153846153847,221.19230769230768,0.12444765533795595
The HunGama Films - Ab Mauj Legi Dilli,26,10,928999.8846153846,60557.61538461538,6655.192307692308,7.022718108778382
Btv Kannada Ɩ ಬಿಟಿವಿ ಕನ್ನಡ,26,15,128846.88461538461,532.0769230769231,62.53846153846154,0.4757923213699934
The Tonight Show Starring Jimmy Fallon,26,18,1675318.9615384615,41862.692307692305,3013.4615384615386,2.515176863348761
ETV Telangana,26,16,177490.07692307694,1446.076923076923,130.46153846153845,0.6962761857163915
Put Chutney,26,14,100998.92307692308,6148.538461538462,541.7692307692307,6.970398888125479
AK Entertainments,26,7,1014073.0769230769,18262.5,809.1538461538462,1.8516317178475152
Pehchan Music,26,13,471970.26923076925,20060.19230769231,1033.2307692307693,6.072212872344796
SumanTv Entertainment,25,13,332631.8,2083.88,211.04,0.727394412270029
Yellow Music,25,8,518404.16,8413.12,619.84,1.8313890734824554
TAMIL MEDIA,25,11,376013.0,1045.24,96.0,0.4463745468182044
BTNews Hindi,25,9,508600.32,1624.4,467.72,0.5886381698483557
ABC Malayalam,25,15,126463.6,159.2,45.36,0.1772838943992792
UNIVERSE T.V.,25,13,227631.08,639.16,134.84,0.38050900527773324
Today Popular Videos,25,11,514271.88,4562.92,712.72,0.9260565639056293
Gaurav Chaudhary,25,8,828148.32,57292.56,18870.56,9.892283449665385
Namma Kannada TV,25,16,120648.96,423.8,21.24,0.43133492157143183
Cinemakkaryam,25,10,257647.8,1317.92,370.32,0.8136687484086381
IndiaGlitz Telugu Movies | Reviews | Gossips l Hot News,25,9,306580.72,1305.56,86.12,0.5439367433200715
Entertainment Ka Overdose,25,15,194975.48,823.32,78.68,0.5280299860961827
Silver Screen,25,8,264580.84,2856.2,281.44,1.6820624956130046
LosPro,25,9,364818.4,7112.4,488.28,2.4477378429609975
Pyara Uttarakhand,25,11,318139.64,2628.96,582.48,1.058372414721771
Top Telugu TV,25,11,469190.92,1699.84,350.96,0.6246535409272629
The Bong Guy,25,10,212590.12,28827.4,3994.36,15.853663020553347
Late Night with Seth Meyers,25,18,1187987.16,15736.32,1711.0,1.5302677809276475
NewsMax,24,13,212723.29166666666,492.875,44.916666666666664,0.46379892470645817
Blockbuster Movies,24,9,997126.25,3020.9166666666665,152.0,0.31919924454379595
Cine Heart TAMIL,24,16,194144.16666666666,442.9583333333333,68.66666666666667,0.28300714184800496
Britain's Got Talent,24,10,2301291.4583333335,49117.375,0.0,2.0697339592128734
Tammareddy Bharadwaj,24,12,157134.66666666666,2126.0833333333335,265.6666666666667,1.6880872865050272
OTV,24,17,114469.29166666667,1021.1666666666666,111.875,1.0112570951931816
Zee TV,24,17,610738.2916666666,2124.9583333333335,100.79166666666667,0.389456985014966
Screen Junkies,24,11,1916639.5,56771.083333333336,7731.5,3.6036175090211344
Wirally,24,13,72440.33333333333,1537.9583333333333,142.54166666666666,2.3867958385024752
TV Promos,24,16,260235.95833333334,2603.9166666666665,627.125,1.2774394550911625
bindass,24,12,171066.0,3708.4583333333335,299.75,2.2793218764879897
ChainsmokersVEVO,24,5,4192805.75,217422.91666666666,13207.916666666666,6.673741654177096
Ram Audio,23,11,257821.78260869565,3964.6521739130435,121.47826086956522,1.467982743267619
SagaHits,23,7,1928898.608695652,44332.69565217391,2737.478260869565,2.6738587121911728
10TVNewsChannel,23,8,344045.2173913043,2047.0869565217392,753.2173913043479,0.6917455498509566
जय माँ वैष्णो देवी,23,11,125759.34782608696,843.304347826087,28.52173913043478,0.8741369600751798
Shemaroo Gujarati,23,9,193900.13043478262,2587.086956521739,156.7391304347826,1.3577125464434936
M4 Tech,23,10,166836.08695652173,11451.434782608696,1538.8695652173913,9.451275801307387
Fully,23,7,554776.304347826,48337.086956521736,3225.608695652174,8.937472841957792
local telugu,23,13,54596.0,244.82608695652175,15.565217391304348,0.4820256949168727
Clash of Clans,23,8,2417347.9565217393,49123.95652173913,4325.304347826087,3.6143905328554493
Gup Chup Masthi,23,13,356730.73913043475,1510.9565217391305,52.52173913043478,0.4375711653951227
BuzzFeedVideo,23,14,3088885.5217391304,76874.34782608696,9685.478260869566,2.9368641430498807
Kori Pati Productions,22,10,218526.77272727274,5925.272727272727,636.6818181818181,3.415279259044054
TV Punjab,22,12,260340.27272727274,2341.0,144.04545454545453,1.0100297421146338
Only News 24x7,22,12,343165.86363636365,2598.7727272727275,457.22727272727275,1.1702070796575024
Himalayan News,22,10,228003.27272727274,1065.2272727272727,235.8181818181818,0.7007446248825396
Dharma Productions,22,6,8488465.318181818,133760.0909090909,11870.136363636364,1.657271014857207
shehbaaz Khan,22,12,149955.0909090909,7455.818181818182,731.0909090909091,6.464009087802981
Tamil News,22,9,328433.45454545453,482.04545454545456,33.77272727272727,0.13438957213629968
Manpreet Toor,22,8,457673.95454545453,15027.863636363636,749.0454545454545,4.722066598416305
BeingIndian,22,10,154947.72727272726,6374.772727272727,299.04545454545456,4.991791207208518
Tollywood Life,22,9,276992.6818181818,588.0454545454545,99.95454545454545,0.2819424734861575
SidTalk,22,11,365174.5909090909,19296.590909090908,2342.5,7.0210719814698965
Paramount Pictures,22,4,11871800.863636363,157408.27272727274,18732.590909090908,1.4557967523962942
Zee Music South,21,7,1749539.0952380951,51536.57142857143,2643.3809523809523,3.0985542668089883
Wrestling Time,21,14,319163.5714285714,3641.6190476190477,225.33333333333334,1.2209691539451553
AK news,21,9,448518.90476190473,3089.904761904762,110.19047619047619,0.7745260155451964
Sri Venkateswara Cine Chitra,21,6,1707115.5238095238,36415.19047619047,1204.6666666666667,1.734613653100136
Youth Central  Tamil,21,10,472644.09523809527,5372.333333333333,584.952380952381,1.2106987362510726
Pen Movies,21,5,1780091.5714285714,27222.095238095237,1017.0952380952381,1.5976207657146524
News18 India,21,10,347493.95238095237,3530.3333333333335,2803.095238095238,1.9995701422029575
BollywoodHungama.com,21,10,117008.0,762.9047619047619,87.52380952380952,1.019223150024866
MovieChannel Malayalam,21,9,434733.71428571426,878.4285714285714,65.42857142857143,0.26680272401496863
Filmy byte,21,10,311659.4285714286,720.2857142857143,165.66666666666666,0.26300983666012434
VS RECORDS,21,11,366312.90476190473,7607.666666666667,356.6666666666667,2.0441532620786
East Coast,21,6,847306.8571428572,32135.52380952381,2217.5238095238096,3.6825986442904988
Rathore Cassettes,21,9,1237221.857142857,3624.6190476190477,605.047619047619,0.41543502247862335
Half Engineer,21,6,637969.619047619,45518.95238095238,3698.285714285714,7.924063477720949
Dino James,21,5,766280.0476190476,71670.33333333333,7595.285714285715,11.533170575041614
Disney•Pixar,21,3,14751993.666666666,303714.1904761905,33899.42857142857,2.7548843567194945
FLASH NEWS,21,11,91383.80952380953,132.23809523809524,13.857142857142858,0.15145708626427054
Mictv In,21,7,782931.4761904762,8500.380952380952,716.3333333333334,1.4363014072092148
Ayurved Tips in Hindi,20,6,739491.7,5044.35,173.45,0.7851567086451146
Arre,20,7,840692.8,16376.4,870.4,1.9771357358353925
SOUTH FDFS,20,8,349443.65,1453.15,105.4,0.3861640204158704
Haryanvi Maina,20,8,1916408.95,9266.4,712.25,0.6081663915264037
Movie Mela,20,13,481495.1,1593.75,67.1,0.3530704795696517
RKD Digital,20,4,5080058.85,29981.8,1613.25,0.7306354976318886
Shruti TV,20,11,154587.15,1772.25,120.65,1.2261093307436846
Saga Music,20,7,987802.85,27679.85,1195.85,4.942548930772713
CVR Telugu News,20,7,631533.95,1964.55,570.2,0.395203491373176
Gopi Sundar Music Company,20,5,331953.3,8098.7,353.3,2.5069081151087165
Tamil The Hindu,20,5,556156.15,4003.25,343.9,0.8140018089624652
The Baigan Vines Extras,20,10,70235.6,7514.4,1196.3,12.786838489796038
PTV,20,9,330347.45,1933.35,396.85,0.5773685242180161
Next Gen,19,8,195132.94736842104,463.0,50.36842105263158,0.3060796829247667
Khesari Music World,19,8,1271709.894736842,10273.157894736842,1827.421052631579,1.0110182206481069
Suda Suda,19,10,129047.05263157895,827.9473684210526,207.47368421052633,0.6240464471154897
UV Creations,19,5,2993747.4736842103,48470.94736842105,2143.7894736842104,1.9798680598346607
PMV - NEWS,19,11,1247686.7368421052,3599.7894736842104,97.57894736842105,0.3429888760383061
Sahithi Media,19,7,531437.4210526316,3345.1052631578946,337.4736842105263,0.8114555997096469
Tv9 Marathi,19,9,93327.36842105263,434.5263157894737,36.36842105263158,0.5336975235093933
News Express,19,12,120638.94736842105,503.94736842105266,152.94736842105263,0.7258491659768647
Filmy Monk,19,9,515603.0,3344.3684210526317,284.2631578947368,0.6641253474909342
Cinema Politics,19,13,129584.8947368421,1800.578947368421,596.0526315789474,1.6416618690789817
Mirchi Guru,19,8,77219.26315789473,81.6842105263158,0.0,0.1083576412299024
Pop Diaries,19,8,1368493.1578947369,2252.7894736842104,467.94736842105266,0.4805032446262781
Easy Home Tips,19,6,860339.3157894737,11418.263157894737,630.3157894736842,1.2789944170763434
Eros Now,19,6,2210122.3684210526,7521.105263157895,598.2631578947369,0.718852201215552
Reliance Entertainment,19,3,6072820.631578947,78791.1052631579,5173.894736842105,1.3255739045071988
Sony Pictures India,19,3,12554523.842105264,204776.31578947368,11997.894736842105,1.7163594719673803
King Of Gujarat,19,12,163790.63157894736,672.2631578947369,33.94736842105263,0.4597846558972355
Nettv4u,19,8,232916.42105263157,3241.9473684210525,424.57894736842104,1.9069585742527315
Lakshmi Narasimha Productions,19,4,1850635.3684210526,36532.0,1993.6842105263158,2.1088673891164085
Sheorans,18,8,179690.77777777778,6353.222222222223,412.72222222222223,4.267405084021778
Mic Tv,18,5,1097465.111111111,13429.777777777777,1248.7222222222222,1.6845486162490326
PTC PUNJABI GOLD,18,6,394234.94444444444,3752.0,237.11111111111111,1.5149777938812155
TheViralFeverVideos,18,7,897368.4444444445,35104.166666666664,2935.222222222222,4.261812370297019
"A to Z cricket,political & cinema",18,11,142981.83333333334,783.3333333333334,255.83333333333334,0.7280154866296763
Millennium Audios,18,5,768484.7222222222,21424.61111111111,1400.611111111111,2.5233587054943967
SRK MUSIC,18,4,2527973.9444444445,10929.833333333334,1524.2777777777778,0.5648056623065245
AP24x7,18,12,284976.27777777775,2264.1666666666665,430.5,1.1385348031869933
Hindustan Times,18,9,1225171.1666666667,10244.722222222223,2484.722222222222,0.6744430190896316
VANITHA,18,7,379581.22222222225,2744.4444444444443,268.05555555555554,0.8313546650086918
Breakfast With Champions,18,5,1342736.7777777778,18882.88888888889,1832.3333333333333,3.604505452179256
S Cube - Hungama,18,11,162197.94444444444,731.6111111111111,74.83333333333333,0.6344496490958274
Infinite view,18,6,370587.1111111111,1422.6666666666667,61.44444444444444,0.5049446025776096
TV1 Telugu,18,8,855073.6111111111,5788.944444444444,475.05555555555554,0.7931540478165633
Top Kannada TV,17,10,160892.9411764706,959.8235294117648,62.470588235294116,0.8089539446220585
News Cabin,17,6,382895.4117647059,1343.3529411764705,52.588235294117645,0.5096653879770271
Fox Star India,17,3,5858792.470588235,76587.5294117647,14708.823529411764,1.6593779990884734
YuppTV Originals,17,6,458864.1176470588,3467.0588235294117,343.6470588235294,0.8161399840002668
Saas Bahu aur Saazish,17,8,500899.35294117645,4189.411764705882,1246.0588235294117,1.3138860465753919
Kichdy,17,8,95028.76470588235,3489.470588235294,488.6470588235294,4.17535774757222
Krazy Khanna,17,9,98425.23529411765,3377.8823529411766,828.0,4.176296300431739
Adya Media,17,10,126933.23529411765,304.6470588235294,67.23529411764706,0.3294484979743401
Clash Royale,17,5,6913060.117647059,134988.41176470587,12689.588235294117,3.7749900374017935
Zee Studios,17,4,2177388.7647058824,15301.235294117647,867.0,1.0453865352554157
Nakkalites,17,8,191896.0,11191.058823529413,873.4705882352941,6.735743282937584
Slayy Point,17,4,377093.35294117645,32110.41176470588,4142.588235294118,10.257844851929386
Paayasam webtv,17,6,394158.35294117645,1044.3529411764705,176.05882352941177,0.3043031703661181
Ed Sheeran,17,4,15135750.705882354,842648.7058823529,44105.294117647056,6.885911473855368
Lets Make Engineering Simple,17,9,205828.0588235294,18851.176470588234,2037.235294117647,11.949219547737721
Sunnews Live,17,9,171992.5294117647,798.0588235294117,140.52941176470588,0.4754790877686142
Dinamalar,17,7,477895.70588235295,1790.7058823529412,1273.764705882353,0.8532825149529849
Tv Actor's Real,17,6,1051501.1764705882,4966.705882352941,384.7647058823529,0.5911234917500883
Filmy Chutney,17,9,481129.0,3844.6470588235293,383.8235294117647,0.9070109526410749
Ankur Narula Ministries,17,13,21105.823529411766,1167.1176470588234,87.70588235294117,6.067797578473425
Vidya Vox,17,4,1022857.2941176471,39593.0,2106.705882352941,4.911651610653007
Sadhguru,17,8,346083.5294117647,7270.588235294118,191.2941176470588,3.7979558427794835
Telugu Popular TV,17,10,226479.29411764705,1926.7058823529412,535.0588235294117,0.9367960908116405
Zee Bangla,17,14,182793.9411764706,676.7647058823529,19.58823529411765,0.39125634346976434
Chennai Channel,17,7,173057.88235294117,475.5882352941176,62.76470588235294,0.3713635841869773
Autocar India,17,8,336209.29411764705,4236.35294117647,477.94117647058823,1.484536114768929
Headlines Sports,16,7,319991.375,1748.5,86.6875,0.6579760907825413
Scene Contra,16,5,343645.8125,1223.6875,337.1875,0.5536061129567309
2Day 2Morrow,16,10,140112.75,1128.5625,213.375,0.8673073201961286
Film Jalsa,16,6,313865.8125,2507.0625,671.1875,1.074573283722914
Health Tips for You,16,7,499543.0625,2023.875,172.5,0.4811908709476269
I Love Cricket,16,6,1236058.125,15286.875,1201.75,1.5157483505373808
Entertainment Journalist,16,9,232596.0,236.1875,78.125,0.12554043450314514
India News Viral,16,9,372892.1875,1746.6875,329.75,0.8685095554114058
Movieclips Trailers,16,10,1003095.4375,16712.375,2291.4375,2.140372855784204
Telugu Full Screen,16,6,418695.8125,828.625,13.8125,0.21242094740676568
chavat,16,6,253542.5,11015.6875,805.5625,5.307011098325862
Grassroot Entertainment,16,6,884258.9375,18207.625,3662.4375,2.559795784186128
CGL APTITUDE PATHSHALA,16,11,37803.8125,1222.375,326.75,4.461143818317214
R NEWS,16,8,78260.375,147.6875,17.4375,0.2167357554875933
Shruti Arjun Anand,16,8,221295.5625,11343.3125,1883.0625,7.41575618982938
RGV,16,5,787535.125,8489.0,2598.0,1.7304084150157593
PANWARx,16,5,3216922.625,10353.5625,1769.125,0.31553788465313976
study for civil services,16,10,59063.6875,959.5,376.8125,2.3256860883433887
DBeatsMusicWorld,16,7,210079.0625,5040.3125,273.9375,3.2861610702318185
Top News - Tamil,16,10,87711.4375,422.0625,33.375,0.6106764610553643
Sanam,16,5,940177.4375,64316.1875,5149.0625,8.220906575293826
Kenny Sebastian,16,7,571744.8125,29405.5,1329.375,5.076187757671266
Unbox Therapy,16,11,1869478.3125,56747.25,7405.625,3.75545884748506
Round2hell,16,3,2358323.125,200344.8125,24208.5625,10.440488217974941
Deivamagal Today,16,11,103417.5,342.0,10.6875,0.3557490625833514
Rajshri Marathi,16,7,303338.6875,3289.25,223.8125,1.5843307056802434
Art Attack Records,16,7,728939.0,14492.625,567.9375,2.6307259724166396
Mr. Reporter,16,6,1698940.8125,6569.625,518.25,0.43980225278197815
NH 24,15,4,742103.4,11151.466666666667,1358.4666666666667,2.126715163769832
REPORTER LIVE,15,9,846169.2666666667,8576.466666666667,456.06666666666666,0.9465002378646078
News Nation,15,9,196522.0,875.6,71.06666666666666,0.45584452551823756
Oneindia Kannada | ಒನ್ಇಂಡಿಯಾ ಕನ್ನಡ,15,11,77305.06666666667,499.73333333333335,36.53333333333333,0.6097745562472653
Lehren Small Screen,15,6,368931.26666666666,2714.2,628.4,0.7740489046935711
Punjabi Live Tv,15,7,196419.86666666667,1099.8,87.26666666666667,0.7004791451165497
MrMatador,15,10,1478108.5333333334,8176.4,1016.8,0.620207949993564
MediaoneTV Live,15,11,92032.06666666667,350.6666666666667,103.13333333333334,0.44010125799638344
വിശ്വാസം അതല്ലേ എല്ലാം,15,5,474901.5333333333,1144.6,88.33333333333333,0.24976477766388935
citizen journalist,15,7,84737.66666666667,110.53333333333333,19.466666666666665,0.14221867484176817
Awanish Singh,15,4,593782.8,52523.13333333333,4908.2,9.9159674832947
Abhijith Vlogger,15,8,137511.06666666668,4047.866666666667,744.7333333333333,3.4393466958520063
Take One Media,15,9,129725.0,784.2666666666667,138.06666666666666,0.7309245873800949
JUST FOR U,15,8,119497.2,1131.4,102.73333333333333,1.1646186957176206
HSB News,15,9,113671.2,520.6666666666666,17.066666666666666,0.475373405340891
Telugu Poster,15,8,589840.4,1291.8666666666666,16.4,0.2149847675075545
Tez,15,8,379271.3333333333,1442.6666666666667,543.6666666666666,0.6967795069033843
DD News,15,9,125817.46666666666,983.4,118.4,0.9145357611231287
Gujarati Media News,15,9,232798.66666666666,2190.9333333333334,135.93333333333334,1.0018833438859407
DESI TADKA,15,9,225883.86666666667,10729.4,603.8,4.184821966081925
Akki & Ankit,15,7,185455.66666666666,3967.0,290.06666666666666,2.533504919218089
Game Killerz Records,15,4,794556.8666666667,25598.733333333334,2739.266666666667,4.22782390741138
I News,15,7,354752.0,0.0,366.73333333333335,0.08043282871443966
AIB Doosra,15,4,564297.3333333334,18375.066666666666,969.5333333333333,3.906787978711597
Kollywood Tamil News,15,7,175484.2,755.4,82.53333333333333,0.3263663436627195
PBH News,14,9,117850.14285714286,1261.857142857143,75.42857142857143,1.3960984080951815
Mathrubhumi,14,6,222328.7857142857,1014.7857142857143,108.0,0.47600378226603246
Crown Records,14,5,739223.2142857143,13810.857142857143,624.8571428571429,2.625690269788566
AD-WISE MEDIA ACTION MOVIEPLEX,14,3,2010309.142857143,9318.0,453.2857142857143,0.5737601295088036
E- Spot Light,14,7,327040.78571428574,1387.857142857143,98.42857142857143,0.5688927852684852
VTube Telugu,14,7,254161.2142857143,1707.7857142857142,91.57142857142857,0.7408629685515427
Studio Green,14,5,497417.4285714286,8255.357142857143,329.42857142857144,1.9691382849980001
TAMIL TECH - தமிழ் டெக்,14,6,118461.42857142857,5855.928571428572,985.3571428571429,7.073332011151329
Voice of Heart Music,14,4,808515.0,11724.142857142857,1055.0714285714287,1.9056450852246638
Namma KFI,14,7,110600.21428571429,1230.642857142857,56.642857142857146,1.1274704244409743
divomovies,14,5,427457.35714285716,13016.5,1207.7142857142858,3.4371079424941624
Talk Shows Central,14,7,964283.6428571428,6467.285714285715,980.7857142857143,0.7803011449293898
Vekkada Vedi,14,9,127190.28571428571,914.2857142857143,174.21428571428572,0.9241215297365383
Times Music,14,5,858879.0714285715,12793.5,649.8571428571429,1.4975749388239983
Film Mantra,14,8,250386.2142857143,1785.642857142857,116.64285714285714,1.479341276023824
Worldwide Records Bhojpuri,14,7,1044505.8571428572,5442.285714285715,772.7857142857143,0.7811719510172127
AllCineGallery - Tamil,14,7,159400.7857142857,1235.4285714285713,451.2857142857143,0.7793772052383691
DREAMS N BEYOND,14,4,164372.0,4174.571428571428,220.35714285714286,2.1740983691171443
ZaynVEVO,14,2,12679893.57142857,739573.6428571428,57521.42857142857,6.90419278777063
KalakkalcinemaVideos,14,6,217508.85714285713,2591.714285714286,316.7857142857143,1.1463875744872032
News18 Kerala,14,8,144917.2142857143,509.2857142857143,118.14285714285714,0.4730376666791063
Shreya Jain,14,12,41923.857142857145,2430.0714285714284,410.0,7.05565607788228
Allu Arjun,14,2,6451550.071428572,161752.2142857143,12005.42857142857,3.021744978983571
The Punjab TV,13,7,128450.92307692308,1202.0,122.84615384615384,1.2203085664020719
Mumbiker Nikhil,13,5,478244.92307692306,47760.692307692305,6914.153846153846,9.82778196503515
Trimurti,13,6,255349.38461538462,1404.923076923077,115.84615384615384,0.5694937066763793
TaylorSwiftVEVO,13,3,28542566.0,1368054.923076923,121966.53846153847,6.1405043294843304
Gnews,13,6,772934.6923076923,1320.3846153846155,315.0769230769231,0.2421773657401909
ABP Sanjha,13,5,158844.53846153847,962.5384615384615,133.0,0.7692492176393758
The RawKnee Show,13,8,72965.61538461539,9083.615384615385,2039.7692307692307,16.403685081480255
Video121,13,7,105417.76923076923,255.6153846153846,25.615384615384617,0.3213482540487265
Media Masters,13,5,198735.6923076923,524.3846153846154,72.92307692307692,0.4059374474200658
Salman Khan Films,13,4,9366853.76923077,223807.15384615384,36257.846153846156,3.7832699828909147
Full Meals,13,6,461023.46153846156,946.2307692307693,53.07692307692308,0.24676914364709188
Lehren TV,13,9,185806.23076923078,925.9230769230769,55.23076923076923,0.565693074367431
Enterr10 Music Bhojpuri,13,3,2167917.230769231,9819.076923076924,1696.6923076923076,0.6446089333269432
Shemaroo,13,5,1124359.6153846155,3292.5384615384614,298.3076923076923,0.3299243461263248
Leinster Productions,13,4,661911.5384615385,13121.76923076923,414.7692307692308,2.02297708401583
Next9news भोजपुरिया,13,6,611151.6153846154,1502.2307692307693,453.3076923076923,0.2842727844081941
Sindhionism,13,8,26101.76923076923,2732.3846153846152,246.23076923076923,12.507567125834871
Raghav Digital,13,4,2591448.5384615385,41117.230769230766,2427.3076923076924,2.07389683130116
Magical Nuskhe,13,9,58466.0,647.6923076923077,17.615384615384617,1.150099321734047
ONE Media,13,5,1620108.5384615385,12300.692307692309,1133.1538461538462,0.8596558793978673
Shanmukh Jaswanth,13,4,382319.46153846156,12198.461538461539,1072.6923076923076,4.16589775417531
Zee Kannada,13,11,24787.53846153846,46.84615384615385,1.6153846153846154,0.17944367553849777
Random Chikibum,13,4,440068.3846153846,13917.846153846154,639.4615384615385,3.4547270422424026
Entertainment Era,13,9,148182.38461538462,293.46153846153845,15.615384615384615,0.20957316309255594
Ekta Sound,12,4,849315.4166666666,9814.0,1064.75,1.5871580677512453
Babbu Maan,12,5,692596.0,21753.333333333332,3437.3333333333335,4.484037380613679
NugoBasilaiaa,12,5,2687220.9166666665,13695.083333333334,1818.0,0.579481367629673
DoordarshanNational,12,3,1517979.0,26577.333333333332,2293.6666666666665,2.031340771811139
RAJ NEWS Telugu,12,4,112124.41666666667,344.6666666666667,115.25,0.4232995630931084
INFINIQUE MEDIA JUNCTION,12,3,222117.25,435.4166666666667,13.333333333333334,0.20200518378489715
Lyca Productions,12,4,1621405.0,34512.0,1796.3333333333333,2.252820458876017
Puja Shakti,12,5,244859.08333333334,1279.75,224.58333333333334,0.8366779573487818
Mr.VenkatTV,12,7,432764.5833333333,1280.4166666666667,128.25,0.3818139669843115
The Late Late Show with James Corden,12,7,5635949.5,177266.91666666666,9209.916666666666,3.1125934406592735
ALTBalaji,12,5,4048721.5,16990.333333333332,2567.5833333333335,0.4299705689614981
Radio City India,12,3,733356.1666666666,6001.25,326.6666666666667,1.1630132847230006
Tollywood Nine,12,5,181491.33333333334,246.33333333333334,0.0,0.18026004211432745
Tamil TV,12,8,81919.16666666667,458.8333333333333,32.083333333333336,0.6729283505946495
ColorsTV Promos,12,5,819997.0833333334,6247.416666666667,756.8333333333334,0.897339242883001
Reporter Jorina & Joe,12,5,612161.1666666666,1032.8333333333333,83.33333333333333,0.2532464052299134
Rahasya,12,4,321565.6666666667,9445.416666666666,2328.8333333333335,6.3768151598940825
Venus Regional,12,3,781030.5833333334,2798.5833333333335,455.9166666666667,0.5492755793007149
News Mirror,12,3,836419.75,3414.4166666666665,296.4166666666667,0.5057610203429047
Rakesh Yadav Readers Publication,12,6,60995.75,2670.25,594.3333333333334,5.139983942141458
Malayalienter,12,4,207699.08333333334,538.75,83.75,0.29366907185984126
TIMES NOW,12,3,759610.1666666666,5037.916666666667,3333.8333333333335,2.163533585582358
HOTNEWS TELUGU,12,7,430068.5,585.6666666666666,33.0,0.13696742845877458
Kollywoodcentral,12,2,501408.4166666667,10780.0,1515.8333333333333,1.9451144899796107
1 Minutes news,12,5,158475.91666666666,482.25,451.8333333333333,0.6882539826152644
Crazy Tollywood,12,6,276548.1666666667,585.1666666666666,31.916666666666668,0.5186236471361996
Rozana Spokesman,12,8,129072.41666666667,953.9166666666666,101.16666666666667,1.0590251432348008
zoom,12,7,242521.16666666666,2233.25,259.4166666666667,1.1122055424135284
Red Entertainments,11,4,323231.7272727273,356.3636363636364,112.0909090909091,0.14597049604673137
Avni Groups,11,2,937628.3636363636,0.0,154.8181818181818,0.014476576227011966
Oneindia Telugu,11,6,363510.8181818182,2048.2727272727275,84.81818181818181,0.48176977406299665
Newsmarg,11,6,164847.0909090909,877.2727272727273,149.54545454545453,0.8041498909953197
Daddy Mohan Records,11,4,365582.9090909091,12208.181818181818,530.1818181818181,3.9736571053746617
White Notes Entertainment,11,4,895857.1818181818,17845.454545454544,528.7272727272727,3.5623250745568
Bollywood Spy Hindi,11,5,183444.81818181818,2344.909090909091,301.8181818181818,1.4415609060997259
New Waves,11,5,78191.45454545454,738.9090909090909,78.0909090909091,0.9785165625851806
VitaliUS EN,11,7,508239.2727272727,1798.909090909091,275.09090909090907,0.4421906939229455
Radio Mirchi,11,5,425418.8181818182,9809.636363636364,535.0,3.4755308537526
LJ Films Official,11,3,194857.36363636365,3238.090909090909,190.72727272727272,1.8767640753246708
Tollywood Mirapakai,11,5,91351.18181818182,547.5454545454545,244.27272727272728,1.1427786098133113
Kannada Health & Beauty Tips,11,6,89407.72727272728,16.818181818181817,14.818181818181818,0.0724826797064894
ICC,11,3,3230714.0,28208.363636363636,1860.3636363636363,0.9416347953409904
India Today,11,8,143128.54545454544,633.2727272727273,155.54545454545453,0.4811039491785374
Hind NEWS™️,11,7,1142817.7272727273,3783.5454545454545,473.0,0.32547775720832506
Prabhu Darshan,11,4,102569.54545454546,802.3636363636364,42.54545454545455,0.9631317664061279
EverythingApplePro,11,5,793954.7272727273,19928.363636363636,4024.0,3.4230079112645204
India Today Social,11,4,457567.0909090909,4284.636363636364,575.4545454545455,1.6009559261305477
TV trends,11,5,137524.72727272726,267.8181818181818,16.636363636363637,0.2062935876878735
TOP 10 STAR,11,5,403267.9090909091,1253.5454545454545,114.72727272727273,0.33795793552057535
24 ghanta,11,6,211459.81818181818,551.2727272727273,43.54545454545455,0.4605709175442742
Gujrati Beats,11,7,169665.18181818182,702.2727272727273,20.454545454545453,0.42285455297477115
ABP Asmita,11,4,965688.0,1730.7272727272727,444.8181818181818,0.3248270972132621
Madhuban Murli Brahma Kumaris,11,8,42124.454545454544,974.8181818181819,31.181818181818183,2.9453790314930344
Shreyas Media,11,4,597567.3636363636,5832.090909090909,281.90909090909093,1.2200296216759414
Kamaal R Khan - KRK,11,5,121616.45454545454,2203.5454545454545,545.8181818181819,2.4107292938801055
Kannada Health Tips,11,8,107274.63636363637,56.0,0.0,0.053785305533804936
Prasadtechintelugu,11,8,53530.36363636364,9318.545454545454,2857.2727272727275,21.724439809374644
LoveSHEET,11,4,222552.27272727274,7192.090909090909,745.5454545454545,4.077590066543178
The Verge,11,4,719029.7272727273,13944.272727272728,1633.6363636363637,2.085876847996867
Sri Sri Ravi Shankar,11,10,24340.363636363636,1222.8181818181818,11.454545454545455,6.529872064947049
Logan Paul Vlogs,11,6,6187101.7272727275,469222.8181818182,68559.63636363637,8.127844362007174
Kannada Filmibeat | ಕನ್ನಡ ಫಿಲ್ಮಿಬೀಟ್,10,6,112545.9,457.1,78.4,0.613118194243341
Walt Disney Animation Studios,10,2,7976735.9,177384.1,34154.1,2.9178959951694665
channel punjab,10,8,68959.0,490.6,39.4,0.7264576838567925
PRK Audio,10,4,690886.1,15577.8,926.7,3.198846758889193
Sorabh Pant,10,4,70935.2,2621.7,131.0,4.507113130889865
Live Hindustan,10,6,120529.0,304.7,64.9,0.5622335832649367
Neeraj Arora,10,7,60104.1,4178.9,324.5,8.538231600931557
Zee Cinemalu,10,4,989594.2,11493.9,531.2,1.2262616492526954
TAPOBHOOMI Classes,10,6,95581.7,2048.7,270.5,2.8079417024550617
Niharika Movies,10,6,163512.4,874.9,32.9,0.5780126608260122
Kangra Boys,10,4,121729.5,10453.3,1102.0,10.299507263692366
Jigli & Khajur - Official,10,5,90081.3,1929.1,110.6,3.590263643619275
iDream News,10,4,140063.6,549.6,157.6,0.6038072101810458
Bindaas Bhojpuriya,10,6,223727.0,1107.9,139.2,0.597039169920363
Suresh Productions,10,2,567819.8,11078.8,555.6,2.219004715523929
Ayurved Samadhan,10,2,342579.5,2128.3,85.8,0.7720129030843779
News18 Bangla,10,7,166984.6,476.5,54.4,0.32551503357642975
Puri Jagannadh,10,3,1626245.6,29167.9,1758.6,1.7271523730456788
Bharat Today,10,5,231800.0,1166.7,95.9,0.6494610947944708
Mangalam Television,10,4,192530.4,1355.4,58.0,0.6437734768227632
CHIRRAVURI FOUNDATION,10,9,46616.5,526.1,112.6,1.5923067519961722
Chicago Subbarao,10,4,105297.4,2725.8,326.0,3.0393370919451312
Veena's Curryworld,10,7,44414.0,1257.3,481.5,4.085029958608956
Google,10,3,16454989.3,44349.8,3416.3,2.21112617798006
PuneetSway,10,3,436474.5,3166.2,745.0,1.0691547429199995
Filmy junction Kannada,10,6,143892.9,3097.1,394.9,2.2019858628060085
Saina Movies,10,5,281555.6,1107.0,90.6,0.40682749037653726
Mithra Creation,10,8,119351.2,309.3,145.8,0.41851743444437756
Colors Marathi,10,10,17803.5,34.8,2.8,0.22926659950441128
Saregama Music,10,5,1951143.3,10279.7,913.8,0.7172140332696921
Ycinema,9,3,670993.7777777778,5815.111111111111,353.0,0.758247168839639
Daily Tamil Serial Review,9,7,51706.11111111111,217.33333333333334,13.777777777777779,0.47560997673053573
Showing Cinema,9,4,231489.77777777778,1207.4444444444443,68.55555555555556,0.5639930148095952
Gnapika Productions,9,4,537089.4444444445,3644.222222222222,242.44444444444446,0.6543824053224692
AVA Creative thoughts,9,4,160969.66666666666,776.3333333333334,139.33333333333334,0.510465472943478
Dev Entertainment Ventures,9,6,109556.77777777778,5008.333333333333,799.1111111111111,5.650744293253071
Divine - D tales of india,9,5,146968.22222222222,813.3333333333334,256.1111111111111,0.7339283228193723
Meet Arnold,9,3,1615659.0,52770.444444444445,5790.777777777777,4.204726397168013
Yellow Pixel - Tollywood Updates - News,9,5,181944.66666666666,998.6666666666666,104.77777777777777,0.6317315224899376
Mo Vlogs,9,3,762062.0,32244.777777777777,5115.222222222223,5.27449391879722
Dream Warrior Pictures,9,5,282095.44444444444,6728.111111111111,266.55555555555554,2.7967921280548627
Lokmat News,9,3,120418.44444444444,564.5555555555555,104.22222222222223,0.42356553557860477
Star Sports,9,3,876491.8888888889,12469.0,677.6666666666666,1.9650030731384858
Modi again in 2019,9,8,144304.22222222222,863.4444444444445,357.1111111111111,0.9436872537865845
EFC A2Z,9,4,212848.33333333334,1460.2222222222222,289.8888888888889,0.9355518940465317
Zee Music Marathi,9,3,595106.6666666666,5458.555555555556,367.22222222222223,1.3987466247146547
Arunachal Creations,9,3,963549.2222222222,14269.555555555555,674.7777777777778,1.3058600534070033
Film Report,9,3,571670.6666666666,1160.5555555555557,78.88888888888889,0.216204103837694
Aone Celebrity,9,3,377151.55555555556,727.6666666666666,72.22222222222223,0.4419506365801092
Anton Lewise,9,7,108083.22222222222,405.55555555555554,54.666666666666664,0.4798981189662531
Amar Audio,9,3,309733.1111111111,5541.0,277.6666666666667,1.955271658320001
TheWeekndVEVO,9,2,8708688.0,441940.55555555556,22947.88888888889,5.487587408708604
Meenu`s Gossip Corner,9,3,2311161.5555555555,6861.333333333333,315.3333333333333,0.3694855563854153
MadhurasRecipe Marathi,9,7,82315.0,1960.111111111111,672.6666666666666,3.4772560068863014
HEALTH TIPS HINDI,9,4,420333.55555555556,3213.0,278.6666666666667,0.894934398226132
Telugu Mix,9,5,165486.44444444444,125.44444444444444,2.0,0.12456019731491066
TamilCineChips,9,5,296709.44444444444,573.0,58.77777777777778,0.19950953429889137
Namma Karnataka Memes,9,3,121742.22222222222,7127.111111111111,421.0,5.325845834290759
CINEMA LOKA,9,4,170791.33333333334,549.7777777777778,114.88888888888889,0.32285127619223053
Telugu Adda,9,3,227475.11111111112,1788.6666666666667,101.66666666666667,1.0771258490132585
IndianExpressOnline,9,4,176719.88888888888,554.2222222222222,48.666666666666664,0.43120651439943203
Cinemapicha,9,6,147329.66666666666,1832.7777777777778,379.44444444444446,1.5638857592260598
Vijay Antony,9,3,1351373.6666666667,32295.666666666668,1531.7777777777778,2.544669856779173
Malayalam Movie Central,9,6,105428.88888888889,324.55555555555554,65.88888888888889,0.5144018387358109
People biography,9,4,165209.77777777778,493.6666666666667,69.77777777777777,0.42458358139648494
Cineulagam,9,3,463543.44444444444,1804.2222222222222,79.22222222222223,0.5634806465642725
googledoodles,9,1,2269001.5555555555,224539.44444444444,19014.444444444445,10.12627885808875
News Filmy Hai,9,5,121696.66666666667,515.4444444444445,182.11111111111111,0.5373005440917085
Wrsh98,9,7,1880033.3333333333,9229.777777777777,909.4444444444445,0.5569725555320473
TAMIL CINEMA CINI MINI,9,6,34031.666666666664,47.22222222222222,2.5555555555555554,0.15944132466094715
KairaliOnline,9,3,230575.55555555556,2319.1111111111113,375.22222222222223,1.188586690346268
BlackTicket Company,9,2,467642.6666666667,13243.444444444445,328.0,2.9799522957245244
Wrestling Phobia,9,3,1490712.2222222222,11150.0,1973.7777777777778,0.8403558520487764
HUNNY SHARMA,9,3,635912.8888888889,46449.77777777778,3306.5555555555557,7.842777922125639
AVRprankTV,8,2,1592271.5,69930.875,3806.75,5.1190662478281626
5AABTODAY CHANNEL,8,5,105889.125,589.625,75.125,0.6501423158463424
Quick Reaction Team,8,5,50305.125,2237.375,425.25,5.872889763834185
Aanmegam,8,5,42496.75,302.75,15.125,0.8472694520546572
PTC News,8,5,110995.0,552.375,0.5,0.551606897003559
Abhinay Maths,8,4,104954.375,5833.375,1258.375,8.042879395663716
PCMC News Marathi,8,5,102735.625,502.375,64.25,0.5877799310826207
Prime News Overseas,8,4,101643.375,499.75,45.625,0.5375840929053223
PowerDrift,8,4,355645.625,27089.125,8523.375,9.679665027654758
Paramvah Studios,8,2,590070.375,20750.875,935.875,3.6026765693449985
Guru Randhawa,8,4,525248.5,9258.5,775.25,4.253068279230993
R TV,8,5,115467.5,555.625,59.5,0.5429833522089684
Celebrity News,8,3,1914200.25,6076.875,519.0,0.4475973823914059
Kunal Kamra,8,3,626909.25,28893.375,7336.375,6.630149600080857
T-Series Telugu,8,1,7254182.25,152970.375,11387.75,2.624693905077618
Malayali Club,8,4,532634.0,2075.125,933.25,0.6308891131330826
How To Learn Astrology in Hindi,8,4,82122.75,842.5,32.25,1.148129704549268
Team Films Bhojpuri,8,4,1558588.625,6232.5,853.875,0.5513685807053408
Green creation,8,5,126967.125,977.375,196.125,0.9433214201799902
GOSSIP BAZAAR,8,3,175980.5,115.625,88.75,0.13025127984624993
Firstpost,8,3,360865.0,10760.0,502.0,2.067359561905023
SUNDAY SUSPENSE,8,7,26664.875,570.875,90.625,2.438781070202656
SD Entertainment Movies,8,5,1646214.875,4635.75,210.0,0.28315815892196394
BHAKTHI SONGS | BHAKTI SONGS,8,5,59750.875,309.125,4.875,0.4638180268753278
Cinema 720,8,4,306688.875,564.75,85.125,0.2261209131554866
Daily Trending News,8,4,428111.375,1551.875,65.0,0.4504901314460627
Bhojpuri Gossip,8,3,464630.875,1186.75,241.25,0.34390539716650553
Rajeev Masand,8,5,157174.125,2822.75,420.5,2.432194142104964
Bhojpuri Tube,8,3,418859.0,2603.875,518.75,0.7495440975358326
Blooup Tv,8,3,387094.875,3190.125,264.875,0.8792623305411751
Ray Kitchen,8,4,311255.375,3323.25,373.25,1.3784165718333152
Red Chillies Entertainment,8,1,10638522.25,241354.0,23055.875,2.6321049910636427
Ramaz Music,8,3,907882.0,18612.5,372.5,1.9825930600851103
Video Memes,7,3,70866.71428571429,3442.4285714285716,295.85714285714283,5.523486601305241
The Lazy Studio,7,2,775686.0,15019.857142857143,1043.142857142857,2.713398751172685
YOYO TV Tamil,7,4,63649.28571428572,483.42857142857144,37.57142857142857,0.7069233856682929
वास्तु उपाय,7,4,54432.71428571428,399.42857142857144,14.142857142857142,0.7813175664331703
Shahrukh K Adnan,7,5,26669.0,2970.5714285714284,285.85714285714283,12.112823914926
Tamil Filmibeat,7,2,654411.1428571428,1721.5714285714287,410.14285714285717,0.46262935416989814
Xyz Gyan,7,2,913777.5714285715,8624.142857142857,453.57142857142856,0.9663950747075557
indiontvnews,7,2,194642.42857142858,1551.2857142857142,466.42857142857144,1.2101220885267268
SRT Entertainments,7,1,1114908.5714285714,24974.428571428572,1772.857142857143,3.65043628828425
Top 10,7,3,161356.42857142858,126.85714285714286,17.857142857142858,0.09113357191114464
TopTen Malayalam,7,4,70761.42857142857,117.14285714285714,12.142857142857142,0.20438602639181586
Visakha View,7,2,316794.71428571426,1938.5714285714287,691.4285714285714,0.9805166586803804
star tamil,7,4,152839.14285714287,238.57142857142858,24.142857142857142,0.17300369726568024
Village food factory,7,5,142448.85714285713,5470.714285714285,761.8571428571429,4.356007119331131
political bench,7,7,77671.71428571429,1047.7142857142858,89.85714285714286,1.360101894495063
SAKKATH STUDIO,7,6,34551.0,0.0,141.42857142857142,0.4791580342737366
Urban Pendu Music,7,2,616474.7142857143,9558.714285714286,799.4285714285714,2.5614537949189393
SA Records,7,3,703431.1428571428,18863.714285714286,513.7142857142857,2.2945587406993684
Nee Yaaruda Komali !,7,3,66778.85714285714,5193.0,690.0,10.008217994453203
Hindi Khabar,7,4,126839.28571428571,259.2857142857143,30.857142857142858,0.22897129040600506
Amaravathi Media,7,4,133307.14285714287,958.2857142857143,92.42857142857143,0.9308964703836647
Only Tamil,7,4,112962.85714285714,382.42857142857144,23.714285714285715,0.3750481959128823
CAPDT,7,6,51734.42857142857,3188.5714285714284,302.2857142857143,6.856844722895533
Gavva Media,7,3,450848.28571428574,4703.714285714285,178.42857142857142,1.16386405119288
MovieHunt,7,3,218574.57142857142,695.2857142857143,162.85714285714286,0.46036823027660784
Buddies Entertainment,7,2,339587.85714285716,9442.0,312.7142857142857,3.176561256842984
Brand B,7,1,2556627.714285714,96744.71428571429,5049.285714285715,4.6455879815942565
HUM TV,7,5,429455.28571428574,2930.5714285714284,937.1428571428571,0.9167048456563652
America's Got Talent,7,4,1137613.142857143,26383.85714285714,3281.714285714286,2.7448563044529126
Masti Circle India,7,3,129873.85714285714,774.4285714285714,36.285714285714285,0.5257686519863545
Bhakthi TV,7,5,48455.142857142855,287.57142857142856,21.285714285714285,0.7145997720731845
News Now,7,4,796918.2857142857,1790.5714285714287,133.14285714285714,0.3234198872928468
Gusa Gusalu,7,5,60004.857142857145,67.57142857142857,22.571428571428573,0.1797072833077644
Beauty Pageants,7,3,3571136.714285714,33238.42857142857,1071.2857142857142,0.9737389029547711
New Smile Entertainment,7,3,455726.4285714286,1742.2857142857142,127.14285714285714,0.41869343405526654
Namaste Telugu,7,3,309287.14285714284,1992.857142857143,233.85714285714286,0.694421145200075
Anand Audio Kannada Comedy,7,4,135007.85714285713,643.4285714285714,15.428571428571429,0.5103861932975026
Matru Ki Nautanki,7,4,401045.0,1757.142857142857,69.28571428571429,0.5047588832890227
AtoZ Gyan,7,4,418211.0,3722.0,549.1428571428571,1.4757023838697558
MANA TV AMARAVATI,7,3,56523.42857142857,250.42857142857142,13.0,0.6162237201253343
2 Minute News Today,7,3,194742.0,678.4285714285714,72.0,0.4232483750129998
Lehren Bhojpuri,7,2,1030985.4285714285,2451.1428571428573,437.85714285714283,0.39488838898809625
IBC24,7,2,1087626.7142857143,8570.714285714286,603.5714285714286,1.0321138923221211
KumarVishwas,7,4,108005.85714285714,3583.8571428571427,239.14285714285714,4.496185380552139
Day TO Day,7,3,233650.14285714287,2993.1428571428573,402.7142857142857,1.4376007465055258
5ocial,7,3,516511.28571428574,6918.571428571428,459.2857142857143,1.603387614678606
Dhruv Rathee,7,4,355825.85714285716,31897.85714285714,6225.0,12.465535978766232
Bollywood Aajkal,6,4,200245.0,520.5,36.666666666666664,0.25073273145391706
Bansidhar Studio - Official,6,2,675852.6666666666,7937.666666666667,570.8333333333334,1.2935279153864636
Young Holy Team,6,5,25434.166666666668,797.1666666666666,79.66666666666667,3.6139524222929964
Langda Aam,6,3,65651.66666666667,3866.0,261.1666666666667,6.563656030200208
The Dance Mafia,6,2,288514.1666666667,3300.3333333333335,164.0,1.3140077130098897
Bollywood Talk,6,2,489958.3333333333,3561.3333333333335,605.6666666666666,1.1329765060018735
World Best News,6,4,313540.1666666667,2824.6666666666665,499.6666666666667,1.0195496366805163
YouTube Spotlight,6,1,82264347.16666667,2278903.6666666665,711686.1666666666,4.153517938023897
Disney Movie Trailers,6,4,2689514.8333333335,60504.333333333336,8338.833333333334,2.540781472887906
Kollywood Times,6,3,93696.66666666667,128.0,11.0,0.1936723507571918
Y Not Studios,6,1,4934711.833333333,150108.0,6054.333333333333,3.2739037210067488
Royal Challengers Bangalore,6,4,111975.33333333333,6401.0,426.1666666666667,6.58316731303228
Mr Sammy Naz,6,5,71130.16666666667,1549.3333333333333,214.5,2.634520565152345
NOIX TV,6,4,290463.5,2367.8333333333335,2222.0,1.875188574832847
Kumar Records,6,2,564125.3333333334,23479.666666666668,2082.6666666666665,4.917854683112654
Khabar Punjab,6,4,199750.33333333334,1334.3333333333333,310.1666666666667,0.9522152332256013
KriArj Entertainment,6,3,89489.16666666667,1310.5,45.166666666666664,1.6835906112242445
Fazzer,6,4,501325.6666666667,971.3333333333334,251.83333333333334,0.3350066069137745
WAMIndiaMovies,6,2,1878797.6666666667,11358.5,636.6666666666666,0.7437776713881417
STTV Films,6,2,366352.1666666667,8296.5,596.6666666666666,2.4322272518896537
Sangbad Pratidin,6,2,240550.0,1314.1666666666667,290.6666666666667,0.7952847592956296
Mahesh Babu,6,1,421095.6666666667,9812.0,797.1666666666666,2.9272553385222015
Superline Music,6,3,290954.8333333333,521.8333333333334,34.0,0.2683690377681436
FilmSelect Trailer,6,1,15445777.833333334,364303.6666666667,38179.666666666664,2.699184569750876
Malayalam Media,6,2,188337.5,2790.6666666666665,171.0,1.2004598223740572
Malayali Online,6,2,257371.33333333334,446.5,66.0,0.3373490386920704
Surya Television,6,6,36806.0,75.16666666666667,4.833333333333333,0.17538631223389248
Cheeta Superfine Music,6,3,98122.5,454.1666666666667,20.333333333333332,0.49641419016437355
Manorama Online,6,2,880509.5,3999.1666666666665,277.5,1.1388347803913066
Captain Nick,6,5,164802.5,19759.333333333332,2101.8333333333335,15.536724997419627
Urban Studios,6,2,797581.1666666666,1352.6666666666667,155.16666666666666,0.19919241633900897
Cinema News,6,3,279916.0,555.3333333333334,150.5,0.24819923607703107
Friday Facts,6,2,91750.16666666667,3662.6666666666665,517.8333333333334,4.7466466725441
Telugu beauty,6,4,56167.5,805.6666666666666,20.666666666666668,1.5323835671662396
Sai Aashirwad,6,4,27820.333333333332,231.5,28.833333333333332,0.9664488976687805
Ur IndianConsumer,6,4,105822.0,6768.0,880.0,7.334809134926615
CNN-News18,6,4,156837.83333333334,1073.8333333333333,134.83333333333334,1.1418307047936989
Gadgets 360,6,2,216906.33333333334,1219.0,125.33333333333333,0.6079913534989019
ETV News Bangla,6,3,1081127.6666666667,2643.8333333333335,117.33333333333333,0.3030463247090929
Dasanum Vijayanum,6,2,106041.66666666667,324.3333333333333,22.5,0.3758174072174099
GeekyRanjit In Hindi,6,3,493510.6666666667,14639.0,2297.1666666666665,4.4613080234969535
Viral In Marathi,6,2,204747.83333333334,1471.1666666666667,307.6666666666667,0.8966746587808684
SpotboyE,6,3,76821.83333333333,432.3333333333333,99.66666666666667,0.5841554560201779
Tamil Speed Networks,6,3,141720.0,298.8333333333333,39.166666666666664,0.27131671690528236
black pasanga,6,3,86477.83333333333,1642.0,205.83333333333334,1.9857256965547754
RVCJ Media,6,3,213417.16666666666,7537.333333333333,301.0,3.942167099924203
Telugu Video Gallery,6,2,378260.3333333333,833.5,55.166666666666664,0.1951231496271478
Orange Media,6,5,70429.33333333333,1739.6666666666667,334.1666666666667,3.22394634909284
Rajasthan Patrika,6,1,1891319.0,6740.833333333333,3051.8333333333335,0.5185497010667236
Tamil Cine News,6,3,50581.5,109.66666666666667,10.0,0.24399070952262805
Tamil Now,6,2,419335.5,623.3333333333334,129.5,0.22201936797741184
crazzy world,6,6,78508.5,277.5,39.166666666666664,0.39183804956860385
Old Delhi Films,6,4,52076.833333333336,2942.1666666666665,206.0,6.55100407321357
shemaroopunjabi,6,3,494089.8333333333,5670.166666666667,250.66666666666666,1.1391563755261407
Abp Majha,6,4,58819.833333333336,558.1666666666666,67.16666666666667,0.7170827676798557
Telugu Tantra,6,2,516578.5,1133.6666666666667,0.16666666666666666,0.20753547821884866
vsr breakings,6,3,152545.0,471.1666666666667,38.0,0.7146500281422307
Nishant Tanwar,6,2,863146.1666666666,26478.666666666668,977.0,3.517455242111288
Akashi Tv,6,1,2150796.8333333335,9523.5,1250.6666666666667,0.5146473540451604
AggBani News,6,4,175504.83333333334,1669.5,250.16666666666666,1.1723276582718485
Telugu Wonder World,6,3,245122.5,1910.6666666666667,80.83333333333333,0.8129626753110669
News Talkies,6,3,141767.83333333334,417.3333333333333,128.33333333333334,0.38269803305725053
Tamil Mithran,6,4,116380.5,749.0,96.33333333333333,1.0590510429865494
metromatinee.com,6,2,669695.6666666666,2308.6666666666665,270.0,0.44425822693610506
Purani Dili Talkies,6,2,197845.66666666666,6499.833333333333,448.8333333333333,5.139270546862839
Pop Chartbusters,6,3,284418.1666666667,2533.1666666666665,128.0,0.9128878460616733
Pink Elephant Pictures,6,2,615418.5,8522.333333333334,316.5,2.0312282005617797
Hero Movies 2017,6,3,534315.1666666666,1595.0,60.666666666666664,0.31835985560224334
Ravi Ganjam,6,4,41506.5,1119.0,161.5,3.2055139207727366
Newstamil.in,6,4,112158.0,227.33333333333334,42.5,0.23525572915103168
Pataragitti - ಪಾತರಗಿತ್ತಿ,6,2,177462.83333333334,5191.0,366.3333333333333,3.7784506147478987
Telugu Boxoffice TV,6,4,145556.83333333334,149.5,23.0,0.3254596196074964
merupu vartha,6,3,125205.66666666667,732.5,115.66666666666667,0.6607163312429806
Telugu Cinema,6,3,306440.8333333333,1424.8333333333333,17.833333333333332,0.49665537012403743
SelenaGomezVEVO,5,1,12340738.6,852413.0,53239.8,7.992244773286532
Savera Star Talks,5,2,620219.8,6721.8,1160.2,1.3578724166198626
Madhura Audio,5,1,1173215.4,13131.0,348.4,1.401812577326341
Shirley Setia,5,1,1364293.2,45559.0,2665.8,4.030750182212532
Cinema News Updates,5,3,133834.8,1636.8,67.4,1.1351135371030705
Mana Nidhi,5,2,50660.4,128.2,7.2,0.3359389355081207
PTC Punjabi,5,3,107626.0,1090.2,137.6,1.189855565637231
ALL OK,5,2,206955.6,1061.8,3281.6,2.899333297054627
Tamizhan தமிழன்,5,2,317214.2,4828.0,976.8,1.7925539388869662
Tamil Serial Periyars,5,2,468913.8,1522.6,211.2,0.39479021326688085
Sejal Kumar,5,3,130107.6,10100.6,897.4,8.483942925596015
Vendhar TV,5,2,108337.0,753.4,44.2,0.7589966026464937
Serial Today Malayalam,5,2,351426.0,2261.6,435.4,0.8389612728242503
Telugu 123,5,3,276438.2,816.6,92.2,0.3094601268559516
Ready 2 Release,5,1,697757.2,2036.0,152.4,0.3494914391813796
Super Movies Adda,5,2,145420.0,707.8,108.0,0.5567090102050879
Shree Cine News,5,1,3273066.0,5641.8,1281.0,0.21018832694606263
TotalTvNews,5,2,182269.8,2844.0,81.0,1.7626865940847012
Pooja TV Telugu,5,2,102382.8,221.4,13.2,0.2934829846370607
Sridevi Movies,5,1,424053.0,9083.0,494.2,2.4061045315719194
Top 10 List,5,1,541845.2,1837.6,128.2,0.37764323190809596
घरेलु देसी नुस्खे Gharelu Nuskhe Hindi,5,2,321398.6,1688.4,108.6,0.5804676052775977
Powerful Mantras,5,4,210626.6,1090.2,46.4,1.4272844806217342
LIVE RECORDS,5,2,675355.6,11462.4,812.8,1.949755763983688
E Journalist,5,3,104913.0,210.8,39.2,0.23954856621079182
Social Wiki,5,1,225540.6,263.0,23.0,0.13585098706289803
Team Jango Space,5,2,139641.0,2284.2,146.6,1.968714691075349
DarshanRavalDZ,5,1,775635.6,18639.4,811.2,2.901168782608315
Tv9 Gujarati,5,4,121384.8,324.6,36.0,0.36057428543525744
Dabba Guru,5,1,574086.0,2978.6,463.4,0.6119122158484274
Telly Tweets,5,3,233773.4,796.0,364.4,0.5300838016113001
UIC Vlogs,5,4,101934.4,7382.6,1063.8,8.412023001913177
Tollywood King,5,3,90919.6,917.2,86.4,1.0415580618059193
Times Music Tamil,5,1,1335218.8,79592.0,3874.2,6.693847615988287
Crazy Talk,5,2,162572.2,2283.2,138.6,1.5438522839613682
UnErase Poetry,5,3,49835.6,3989.2,162.8,8.25267344396404
Cook With Parul,5,3,331678.6,4633.8,413.0,1.8564525594408128
Comicbook.com,5,1,1050496.4,12129.4,1219.6,1.285082649328602
Sundeep Sharma,5,1,813876.2,25818.2,835.6,3.5297115357855433
ABC Television Network,5,1,2267516.2,15085.4,1200.8,0.8325910926704465
FilmiEvents,5,2,517349.0,1776.6,446.4,0.5074179754103365
V9 Media,5,2,88165.0,138.0,9.2,0.1803410555811081
AJ Official,5,2,441459.4,6465.2,448.8,1.9882542923338136
Sunny Kumar Rana,5,1,1202906.0,5578.2,236.0,0.5150345603185877
Kannada News,5,2,57949.8,295.2,58.0,0.6655817364398439
Kanan Gill,5,2,90493.8,3499.0,335.0,4.147094119195406
Filmy Duniya,5,4,84066.0,229.8,38.4,0.29314682253418983
News Remind,5,2,1189869.8,1860.0,341.2,0.19830407891485952
What The Fukrey,5,3,145953.2,7267.6,415.8,5.462460864498736
Bollywood Insight,5,4,374694.4,619.6,52.6,0.21005660331629947
Sri Ganesh Videos,5,2,271207.6,2330.0,226.4,1.0435527336544395
Celebrity Cricket League (CCL),5,2,394066.4,3111.4,71.2,0.8215223946470755
Bollywood Backstage,5,1,284392.0,439.6,61.4,0.18392641814668098
Jake Paul,5,4,2687997.0,111294.4,26777.8,5.1969612060615304
Jagbani,5,5,72810.2,468.4,50.4,0.9226052972853351
NEGA NEWS,5,3,246648.4,1136.2,82.0,0.6050787679374612
Bharatiya Janata Party,5,1,380996.0,9897.6,3450.6,4.177738843689749
Taja30,5,3,108836.8,457.8,127.4,0.7823482033675523
Bornali NewsBD,5,1,263738.6,0.0,23.6,0.009050926998730172
Anirban Dasgupta,5,1,348952.2,12751.0,363.6,4.148014688577237
Apple Hindi,5,3,36535.6,305.4,15.6,0.9622010497273539
Republic World,5,2,896663.6,3328.6,120.4,0.39233041150239567
JMS ARTS,5,1,6170770.0,31283.8,2986.2,0.5601301512135931
Auraa Cinemas,5,1,1135707.6,31147.2,1499.2,3.058530546694667
Asianet Movies,5,3,181128.2,1491.2,94.8,0.7867775014406236
National News18,5,1,1031650.4,1546.2,216.6,0.24764615627822223
JMD FILMS & MOVIES,5,5,623413.0,6217.2,406.8,1.0790762627906467
Nee Yaaruda Komali,5,4,46448.4,4100.6,374.2,10.674521426436703
TG Films,5,4,55990.4,6835.4,860.6,14.227042562142802
Bollywood Bai,5,3,412698.2,903.0,178.0,0.425804343062029
Tamil Bells,5,2,146758.2,1794.2,73.4,1.5221991963803956
CarryisLive,5,3,150432.8,12243.2,1061.0,8.790617150137761
Tamil  Page,5,1,837442.4,1863.8,278.2,0.26121500891109317
Mr B,5,4,75745.8,1573.2,356.4,2.618687335881323
Movie Reviews,5,2,315409.2,297.6,7.6,0.15646572288795746
Free Ticket,5,1,1042513.0,1016.0,91.2,0.12486496275939798
Vox,5,3,952384.0,39792.0,7622.4,5.241272748258555
Movie Stuff,5,2,756831.6,1225.8,102.0,0.18015836260840973
Nee Yaaruda Komali ( NYK ),5,3,58260.4,4888.2,501.2,9.50124033083507
Abhishek Pictures,5,1,981731.6,13588.2,727.0,1.484195078963634
GSTV NEWS,5,1,440915.2,715.4,77.8,0.19608027688951152
Funnett - raajnett,4,1,112390.75,401.5,106.5,0.4548643185878278
Headliner Records,4,2,444528.25,7611.0,331.75,2.0506210285019337
Top News World,4,2,87397.25,0.0,133.5,0.1136083629148397
KhilliBuzzChiru,4,2,68357.75,9745.0,1141.25,16.096706410702303
Inside News,4,2,101190.75,224.5,113.75,0.36152681916084234
Gyan-The Treasure,4,1,121674.75,1579.25,138.5,1.5303690107663859
Impact TV,4,2,29986.75,0.0,388.5,1.3145460190369036
Taalboys Vision,4,1,284731.5,994.25,309.5,0.5270436712089867
Top View,4,2,172570.25,108.25,0.0,0.060201436593398085
Tashan yaaran Da,4,3,264785.25,4819.5,299.5,2.476842295107921
Tamil Tips Chooser,4,2,193681.0,455.5,0.0,0.24958756331802248
Get Ready,4,1,463414.5,3722.5,162.25,0.9410298289199638
GTV Videos,4,2,50406.0,159.5,23.75,0.3127778256472632
HBO,4,3,4517705.25,30902.0,2812.25,1.1206777196118018
Tamil Thimiru,4,2,128175.5,2331.0,91.75,1.6855434786055818
TennisCricket.in,4,3,87606.75,565.25,0.25,0.6408455239599924
Tamil Pokkisham,4,2,124586.5,1410.25,252.25,1.2042088650627996
TV24 News Channel,4,2,385158.75,2456.75,441.75,0.7288815843347178
Thameens Films,4,1,2613745.75,83106.25,3057.25,3.3294770078534657
Google Developers,4,2,1141926.25,18527.25,175.25,5.9794589078151015
Film City,4,2,48302.0,71.75,42.25,0.23643035462719952
JenWin,4,2,101950.5,0.0,0.0,0.0
Telugu Nestam,4,1,436639.25,2732.25,174.25,0.6715545417716381
Supercell,4,1,258776.5,3384.25,508.5,1.5548730168205862
TARGET with alok,4,4,17754.5,1240.5,159.75,7.6191561760689055
Talking Tom,4,2,1087026.0,2410.25,206.0,0.2638588979983175
The IELTS Listening Test,4,4,16995.25,279.25,78.5,2.103462219802699
Janahitam TV,4,3,43777.5,709.0,44.5,1.7440148231795187
Mammootty.com,4,1,580246.25,15692.25,614.0,2.9397440658873872
Sportsvilla,4,1,1024396.25,4832.25,1360.75,0.6119029507410139
Sadak Chhap,4,3,168700.75,11096.75,1001.0,7.551805641575465
ZeeBusiness,4,2,45466.75,150.75,22.5,0.5422694705911769
Arabian Dreams Entertainment,4,1,180700.5,5815.0,310.75,3.781041889662241
AroMal Ar,4,2,116641.75,3036.25,397.75,3.1732469459558326
Nav Bhojpuri नव भोजपुरी,4,1,2083498.75,6550.0,1065.0,0.4155846792248039
NYOOOZ UP - उत्तर प्रदेश,4,2,1252008.5,945.25,28.0,0.16847641471467678
Rockline Entertainments,4,1,87203.75,1687.75,355.25,2.6363347674174484
RunwayReel - Telugu Latest Short Films,4,1,107467.75,2579.5,339.0,2.975138485529415
Xtra Time,4,4,153440.25,1064.0,112.75,0.722867259249196
Desi Totke - देसी टोटके,4,3,14212.75,112.25,8.75,0.8325081234784444
SAB KUCH VICHITRA,4,1,163811.5,357.75,60.25,0.26495521659309923
NDTV India,4,4,73463.75,1197.75,272.75,2.173234814158748
My Tube Telugu,4,2,176478.5,379.5,75.0,0.28297217311469763
WeKnow DDJVino,4,1,1434735.5,2491.5,216.75,0.19785881231364746
BollywoodCIA,4,3,608145.5,737.25,95.75,0.1882041663682239
Vtv Gujarati News,4,2,65256.75,173.25,17.25,0.2906612948187073
New Hindi Dubbed 2018 Movies,4,2,647758.0,1910.75,78.25,0.3106567573126675
Radio Sai Global Harmony,4,3,25243.25,502.5,27.25,2.4505248064248324
News18Lokmat,4,2,300169.25,2284.25,759.25,1.0551958874000025
Pakistan Super League,4,3,462468.75,4621.75,418.0,1.148496420109737
Political Line,4,1,784853.5,5990.75,0.0,0.7961181183275404
Pawan Singh Official,4,1,821335.0,5528.5,1028.25,0.8318870354982744
70MM Telugu Movie,4,1,275613.25,768.75,46.0,0.320661676867776
99TV Telugu,4,2,1744615.25,6014.25,3018.0,0.326439468455755
Parmish Verma,4,1,139407.5,7308.0,554.5,5.818844528959225
Pal Pal News,4,1,257185.75,0.0,129.25,0.050367936923681605
PunjabKesari TV,4,2,276579.5,404.25,125.25,0.16209606519685274
iGyaan,4,3,176405.75,4950.0,805.75,3.7410897011842597
API Malayalam,4,1,574249.5,5928.5,451.0,1.1440277039709028
PINKVILLA,4,3,646707.25,5745.5,1248.25,2.878234199731934
Pyar Lafzon Mein Kahan,4,1,2040413.75,20179.0,3338.5,1.1715379723360133
Osm Music,4,1,400457.25,6613.75,549.75,1.8626834733359687
Aatpat Production,4,2,235871.75,1385.25,73.0,0.5905285654664783
Om Namoh Narayan,4,3,58173.75,827.0,27.75,1.7538868247709924
MovieDazzles,4,2,131276.5,489.0,32.0,0.4960720866258644
Hero Movies 2018,4,2,1061143.25,2761.75,132.0,0.30052048664782405
Viewzone Kannada,4,2,114849.5,415.0,36.75,0.3565969999537912
CHAKRAM TALKIES,4,3,118336.5,340.25,0.0,0.3138399874931359
Cinema Samachar,4,1,127515.75,285.75,88.25,0.3309355154874768
Vaartha Vaani,4,2,52300.75,308.5,13.0,0.6110967677884943
Majilis Media,4,3,42738.25,590.0,73.0,1.4348311261953075
Life Okay,4,1,1085699.5,2584.75,190.0,0.2723131137349464
Cinema Muchatlu,4,2,155998.5,136.75,11.75,0.10080331728413022
Chennai Waalaa,4,2,383374.25,3977.5,234.0,1.0726748115003082
Desh News,4,2,645387.25,2259.5,774.0,0.516727595360876
Saty Marg Official,4,3,28174.25,443.75,32.25,1.8999425762750533
Lakshmi Narasimha Entertainments,4,1,223870.75,759.0,40.0,0.419619742387189
VIP Records,4,1,588186.0,11136.0,975.25,2.0562648912134893
Skymet Weather,4,1,506090.0,1949.25,312.0,0.4394428042923336
Sandesh News,4,2,268798.25,846.25,10.0,0.2759728223194755
CalvinHarrisVEVO,4,1,5535162.75,265740.5,12036.75,6.9337572553380635
Krantikaari Indian,4,3,104257.5,1440.0,358.0,1.8407177624059545
Comedy Central UK,4,3,314443.25,3491.25,625.0,1.333312564443381
Trending News,4,3,60376.75,57.25,4.0,0.09793278869268618
Kolly Infos,4,3,48510.5,405.25,28.0,0.8566212007212025
DJKhaledVEVO,3,1,1572610.0,47288.666666666664,2804.0,3.2557916716764823
ARANIndia,3,1,49100.0,756.3333333333334,48.666666666666664,1.68990419009424
Essaar Media,3,2,57472.666666666664,927.3333333333334,123.66666666666667,1.9146968007692973
r entertainment,3,2,58700.666666666664,428.3333333333333,22.333333333333332,0.8015114543261571
BuzzFeedBlue,3,2,2066552.6666666667,41118.0,4301.333333333333,2.300933528586271
Dum Chai,3,1,132978.33333333334,414.6666666666667,34.333333333333336,0.3381900277798757
Trendswood Tv,3,1,280983.3333333333,937.6666666666666,183.66666666666666,0.40436037379667705
ANI News Official,3,2,256449.33333333334,3697.0,320.6666666666667,1.3985246075161928
Health And Fitness,3,3,171720.33333333334,9051.333333333334,766.0,5.735079365516569
Trending Tamilnadu,3,2,82114.33333333333,430.3333333333333,103.33333333333333,0.5930439917406104
DrSTAR ANAND RAM,3,2,238684.33333333334,1574.3333333333333,325.6666666666667,0.9061069267992868
Tea Time Cinema,3,1,388121.3333333333,1257.3333333333333,364.3333333333333,0.42225443842751154
4G Entertainments,3,1,345864.3333333333,489.6666666666667,999.6666666666666,0.43390741109363967
24 Tamil Health & Beauty,3,1,56391.0,0.0,8.0,0.016536312425526566
Hamsa 4 U,3,1,194534.66666666666,1233.6666666666667,38.666666666666664,0.6659248303540742
VAARTHA PRAANTHAN,3,1,145329.66666666666,538.3333333333334,167.0,0.5032929606864087
Time U Time,3,1,95864.66666666667,185.33333333333334,0.0,0.2007100178687428
Telugu Media,3,3,251285.0,1570.0,290.6666666666667,1.176837053278596
CREATIVE ROOM STUDIOS,3,1,103988.33333333333,1011.0,75.66666666666667,1.0625689007609231
WDN NEWS,3,1,368999.3333333333,539.3333333333334,0.0,0.18666638978203412
Brain Buzz,3,1,269908.0,271.0,75.33333333333333,0.12229630729980379
Viral Video News,3,2,46719.0,1179.0,82.66666666666667,2.298749217205196
Viral News Video,3,1,569455.3333333334,9378.666666666666,1299.6666666666667,1.886371360383265
Vip Marathi,3,1,61764.666666666664,72.0,20.666666666666668,0.16004129153981964
Chamatkari Totke,3,1,1206796.0,5918.0,469.6666666666667,0.6088852986156884
Good Morning America,3,2,290639.0,5432.666666666667,930.0,1.780580694192872
Bhojpuri Adda,3,2,64895.0,324.6666666666667,34.333333333333336,0.7981561210071842
BOHEMIA,3,1,345613.6666666667,26608.0,4940.666666666667,9.278151139417018
Asha Audio,3,1,196257.66666666666,2664.3333333333335,167.0,1.5795280843825
Zee Tv,3,2,1154146.0,4614.333333333333,185.33333333333334,0.4168827955320576
Classic Videos,3,1,256296.0,8676.333333333334,354.6666666666667,4.0488952960597535
Amrita Television,3,2,52266.0,456.6666666666667,48.666666666666664,0.9756012143703033
Amit Tandon,3,1,163384.66666666666,4520.666666666667,91.66666666666667,3.3047875140511294
Amara Muzik Odia,3,3,75834.33333333333,2289.3333333333335,197.66666666666666,3.5105334361284712
HOWSFULL,3,2,113999.0,298.6666666666667,113.0,0.3827770364316927
iDream Filmnagar,3,2,125755.66666666667,1559.3333333333333,114.33333333333333,1.4728723830761714
Fazeel Azeez,3,2,51085.333333333336,503.0,73.0,1.1241626657428425
The Bella Twins,3,1,872800.6666666666,20311.0,984.3333333333334,2.5611092779988387
Poffactio,3,1,274606.6666666667,13041.666666666666,762.6666666666666,5.456413004492364
Rotana,3,1,599958.0,6154.666666666667,663.6666666666666,1.1531679598895488
Kavitha Uthamasamy,3,2,99934.0,1325.3333333333333,72.0,1.50291168863014
Subhradipta Garai,3,1,171713.66666666666,884.0,60.666666666666664,0.9365404926851181
Kavi Sammelan and Mushaira,3,1,111351.0,433.3333333333333,35.0,0.43080506594868345
My Choice,3,2,67107.66666666667,2076.3333333333335,213.0,3.3662332195323104
KatyPerryVEVO,3,1,7513004.333333333,394235.0,40743.666666666664,6.915870797494963
NH9 News,3,2,75581.0,1469.6666666666667,65.33333333333333,1.7178678034552253
Kantriguyz - Hyderabadi Comedy Videos,3,2,24512.666666666668,1997.3333333333333,303.6666666666667,9.609693116349302
Kantri Guyz,3,1,116446.66666666667,7105.0,721.6666666666666,7.799781435905229
Kannada studio,3,1,156264.0,459.0,27.333333333333332,0.31172615837983525
Rozana khana in HINDI,3,1,786723.0,9154.0,467.0,1.2576558072721604
Surinder Films,3,1,467316.0,10549.333333333334,852.0,2.7624405563107017
MERI MAGGI,3,1,506331.6666666667,974.3333333333334,57.666666666666664,0.1980315379930544
Kamaal Khan Exclusive,3,1,407223.3333333333,20666.333333333332,1839.3333333333333,5.870747023034173
Namita Agrawal,3,1,150237.0,1389.6666666666667,141.66666666666666,1.0774758160897089
TAMIL KICKASS,3,1,102128.66666666667,1072.0,62.0,1.1291260517483892
Jhankar Music,3,2,38119.0,898.6666666666666,53.0,2.6487391919427914
Red FM Malayalam,3,1,123707.0,4965.666666666667,329.3333333333333,4.413249040727008
Jansatta,3,3,23339.0,154.66666666666666,4.0,0.6862519989672969
Music & Sound,3,2,385842.3333333333,6347.0,699.3333333333334,1.365627807808817
SHN MOVIES,3,3,632587.6666666666,6466.0,364.6666666666667,1.1146763225417153
Rannvijay Singha,3,1,335037.6666666667,17556.333333333332,412.3333333333333,5.015123949560043
SMI Records,3,1,683321.6666666666,4316.333333333333,385.3333333333333,0.674030666950077
Machane Polichu,3,2,404204.3333333333,624.0,71.0,0.16561510193780657
SiaVEVO,3,1,2938480.3333333335,190622.66666666666,9004.0,7.581850922355628
Siddharth Kannan,3,1,523633.0,6117.333333333333,419.0,1.256640892904197
Sixty Seconds,3,1,1332559.6666666667,3011.0,462.6666666666667,0.37431476688508786
Mangla Records,3,1,267403.3333333333,6926.333333333333,543.6666666666666,2.786542350789608
Mango News,3,2,148044.33333333334,1406.3333333333333,237.33333333333334,1.1747701989268287
Saregama Tamil,3,1,298355.3333333333,20953.0,1343.3333333333333,8.608144212068735
Marma Ragasiyangal,3,2,46566.333333333336,538.0,35.333333333333336,1.1882716672220555
Mirchi Chikz,3,1,197237.33333333334,208.66666666666666,27.666666666666668,0.12071574304277997
Kumar Films,3,2,141516.0,1609.6666666666667,117.33333333333333,1.1797819246577232
Motion Frames,3,2,42163.0,2541.3333333333335,286.0,7.030086293457093
Sony Pictures Networks Productions,3,1,5130103.333333333,208192.0,12631.666666666666,4.504757690413009
SVR Media,3,2,148724.0,332.6666666666667,26.666666666666668,0.21826834209528714
Sports Blast,3,2,1523053.6666666667,13840.0,1848.3333333333333,2.9904263694140165
Klapboard Productions,3,1,53564.333333333336,1439.3333333333333,184.33333333333334,3.43566948980316
MrGear,3,2,223838.0,2358.6666666666665,257.6666666666667,1.1798171334540204
Star Golpo,3,1,459310.6666666667,1521.3333333333333,57.666666666666664,0.350776801559929
Neeru Productions,3,1,50158.666666666664,1558.6666666666667,77.33333333333333,3.6064947485524215
MSR TV,3,2,73889.33333333333,235.0,26.333333333333332,0.32398779590565363
Pavitra Talkies v 2.0,3,2,300101.3333333333,376.0,24.666666666666668,0.14473650165589322
JOBY VAYALUNKAL,3,2,52187.666666666664,472.3333333333333,31.0,1.2671400656703051
Punjab 24hr,3,3,238697.66666666666,901.0,148.0,0.4231341561713116
PCMC News,3,2,132145.0,472.0,26.666666666666668,0.4168016047795289
News Time,3,1,207095.33333333334,320.3333333333333,43.0,0.17964143799228907
PTC Motion Pictures,3,1,388839.0,14222.666666666666,738.3333333333334,3.945381331158925
Prabhu Darshan Kare,3,1,151271.0,1207.6666666666667,322.3333333333333,1.0837656688782351
IndiaGlitz Malayalam Movies Interview | Trailer | Review | Gossip | Shooting Spot | Hot News,3,2,88449.66666666667,560.6666666666666,48.0,0.7083793485287009
Talking Tom and Friends,3,1,1620810.6666666667,5380.333333333333,1090.6666666666667,0.4251406506051527
Tamil 4 Health,3,2,182032.33333333334,2088.3333333333335,160.33333333333334,1.1506969699052412
Tamil Voice,3,3,46972.0,97.33333333333333,18.0,0.23562187034500312
Pun Funjab,3,1,242233.33333333334,6011.0,407.6666666666667,2.726564319257548
News18 Punjab/Haryana/Himachal,3,2,129364.66666666667,636.0,20.0,0.5072886336530318
Tamil Abbasi,3,1,153009.33333333334,0.0,0.0,0.0
People TV,3,1,84586.33333333333,64.0,73.66666666666667,0.16439991985082825
JSK Film Corporation,3,1,181411.33333333334,1829.0,93.66666666666667,1.2224690207215072
Tamil Mojo,3,1,209657.33333333334,2623.3333333333335,525.3333333333334,1.5870800324607952
PMO India,3,2,49099.666666666664,660.6666666666666,0.0,1.3801166898854305
oranje talkies,2,1,223888.0,2535.5,205.5,1.2552302198980319
Moviez Adda,2,1,132362.5,639.5,6.5,0.4897497076846409
APNA INDIA,2,2,58921.5,698.0,187.5,1.8171845546073526
WION,2,1,71746.5,137.5,17.0,0.21674259167485072
Breaking News Official,2,1,141579.0,82.0,37.5,0.13345299142941
Wave Music - Bhakti,2,2,501909.0,1379.0,191.0,0.3369278836921456
Aaichya Gavat,2,1,443809.5,3407.5,377.0,0.853612726835334
CGTN,2,1,107517.0,202.5,9.0,0.19671337351327495
WANTED TUBER,2,1,50720.0,162.5,1.0,0.3230241590606635
Apple,2,2,486766.0,14130.5,0.0,2.819312815877511
Monsoon Media,2,1,126251.0,3482.5,499.0,3.2114012954179394
Mahesh Soni,2,2,51610.5,328.0,26.0,0.6460039765737158
VARTHA PRANTHAN,2,1,128748.5,963.5,163.5,0.9222006638136903
ഖല്‍ബാണ് ലീഗ്,2,1,100634.0,321.0,110.0,0.42913839487632244
Shilpa Shetty Kundra,2,2,116842.5,1497.5,45.5,2.6075596062433433
PetroMax Light,2,1,150137.0,143.5,28.0,0.1145149842541976
Madhura Web TV,2,2,385705.5,683.0,209.5,0.2320309163418412
MadridistaTV,2,1,921657.5,11373.5,1516.0,1.4053366236999558
Vaaraahi Chalana Chitram,2,1,1304483.0,20999.5,1850.5,1.7757614849882355
Malayalam Creations,2,1,40223.0,62.5,10.0,0.18469020617483492
Pranav Nagpal,2,1,315564.5,6234.5,379.0,2.092863167433278
Cine Gossip,2,1,26283.0,122.0,8.0,0.5398614060832303
Chinnathirai Seithigal,2,2,68165.5,97.0,8.0,0.16293865526028392
Scherezade Shroff,2,1,26171.5,945.0,83.5,3.978360732404866
3TV BANJARAA,2,2,56640.0,564.5,71.0,1.0056511273575015
Prabh Gill,2,1,144193.0,8047.5,554.0,6.126088161927956
Mantar Music,2,1,245663.0,1867.0,107.5,0.841294285164291
Mera Punjab,2,1,112881.0,1850.5,393.5,2.0011914698027544
Mulakuppadam Films,2,1,142012.5,3647.0,299.0,2.7845296843974143
lumière wedding,2,1,124806.0,579.5,17.5,0.48853533498293866
SHUBH LAABH शुभः लाभः,2,1,28521.5,270.5,13.0,1.0391818342802623
BEAUTY VARSHA TV,2,1,141375.5,319.0,0.0,0.2936681825713917
Batth Records,2,1,380968.0,4551.0,128.5,1.270160749272454
Rahim Pardesi,2,1,674214.5,26480.5,4793.5,4.924106832205547
Rajasthani,2,1,134182.5,317.0,15.5,0.2520954330295302
Youth Cinema Talent,2,1,139519.5,687.5,0.0,0.49693833353924033
Youtube Timepass,2,1,404877.0,680.5,107.5,0.20691871184079247
Review Ranga,2,1,289967.5,2472.5,0.0,0.8533814858711553
News Mx Tv,2,2,58398.0,820.0,125.0,1.700701341517194
Nari Kootam,2,1,53147.5,3627.5,209.0,7.701400913186156
Aap Ka Video,2,1,1494850.5,5051.5,375.5,0.36517752606321596
Astrology aur Vastu Gyan,2,1,685427.0,4215.5,141.0,0.6385938536153515
Ashan Upay { आसान उपाय },2,2,226604.0,992.0,52.5,0.673771480417649
News 90,2,2,37320.0,537.5,121.5,1.7621100651528145
Arogyam,2,1,78446.5,376.5,115.0,0.6244486279131889
Recent Tamil,2,1,44843.5,152.5,2.5,0.3564752045155154
Apple TV,2,2,71037.5,506.0,22.5,0.7379441690891317
Zee Telugu,2,2,136064.5,434.5,48.0,0.34783001750289266
Rk Productions,2,2,79651.0,633.5,112.5,1.038391511657032
BhandarTV,2,1,96978.0,806.5,77.0,1.0065797190293437
NOIX LIFE,2,1,26574.0,81.5,27.0,0.41479589290025154
YOYO NEWS24,2,1,402951.0,3333.0,521.5,0.9732238616532096
Whatsapp funny,2,1,65979.0,252.5,36.0,0.4481535956604341
bhaktisongs,2,1,84136.0,834.0,64.5,1.1086674821233071
Bollywood Ki Duniya,2,2,87876.5,931.0,578.5,1.7937952938669461
OneVision Telugu,2,1,10327.5,37.5,1.5,0.3480452794958572
Bollywood Fuzz,2,1,108695.5,770.5,247.0,1.0526818851961806
Abijit Ganguly,2,1,183522.5,10005.5,452.0,5.839305101330909
SDI Channel,2,1,144023.5,4001.0,150.0,2.885216571223604
Bollywood Bubble,2,1,48638.0,659.0,39.5,1.4453752023582713
indiglamour,2,1,142842.0,202.5,79.0,0.18997980422735258
Noon Show,2,1,103298.5,1655.5,83.0,1.708919632726524
Aishwarya Majmudar,2,1,316603.5,10376.0,753.5,3.551685285233792
Boldsky,2,1,73470.5,550.0,11.0,0.7713031102536682
Rvj Productions,2,1,69736.0,696.0,91.0,1.1349791042251334
NewsTamila,2,1,33365.0,93.5,8.0,0.31912842626468985
Bhumi Entertainments,2,2,377782.0,2090.0,337.5,0.6454551797915175
Tamilcinema Crowd,2,1,44364.5,82.5,6.0,0.20221348771384298
#Mind Warehouse,2,1,1448070.5,18714.5,5846.5,1.7050524248771377
TFC News,2,2,30688.0,58.5,19.0,0.18666790954728338
T-Series Tamil,2,1,524538.0,13087.5,287.0,2.561186184850841
Tamil Rasigan,2,2,91504.5,927.0,159.0,1.4024788986600751
Sony AATH,2,2,167356.5,1553.5,250.5,1.246363593030888
Thamizh Padam,2,1,42255.5,101.5,12.0,0.275557933446983
India Forums,2,1,79225.0,3202.0,602.5,4.901442552472172
Kannada Bhakthi Channel,2,2,14784.5,0.0,6.5,0.043479812605709475
Tamil Dubsmash,2,1,106598.5,978.0,71.0,0.9913867710721129
Harvy Sandhu,2,1,261469.0,14167.0,1233.0,6.067748342497273
Trending Programs,2,1,67305.5,1348.5,15.0,2.1074513004414275
Tamil Cini,2,2,128748.5,0.0,26.5,0.02967369162293058
Film Companion Reviews,2,1,39551.5,433.5,67.5,1.2862198434887464
Telugu Mantra,2,1,48662.0,179.5,7.5,0.3902093748368314
JOURNALIST REPORT,2,1,286985.0,1634.0,444.0,0.7286487979266152
Haani Records,2,1,246370.5,6979.0,298.5,3.003626522731612
India News DastaK,2,2,63605.0,1105.0,59.0,1.8968597723678062
Telugucine Buzz,2,1,39040.0,19.5,3.5,0.058678205489753714
Fifty Shades,2,1,2726394.5,31609.0,3481.5,1.3176090782686103
SriBalajiMovies,2,1,55705.0,329.0,14.5,0.6190853341848552
FIFATV,2,1,1179448.5,9576.5,1369.5,0.9393184781205033
Indian Cinema,2,2,22972.0,89.5,3.0,0.4075462993417833
Tahliwood Records,2,1,1492620.5,53199.0,3124.0,3.836431744430177
Klap Rolling,2,1,71853.5,291.5,75.0,0.508482057133704
Khabar Har Pal India,2,1,42061.5,123.5,5.5,0.31743453789157455
TimesOfCinema,2,1,151553.5,1306.5,140.5,1.037908698972323
FEEL MY STYLE,2,2,274793.0,2738.5,284.5,1.0957908752996512
Everest Marathi,2,1,73046.5,1103.0,68.0,1.6889500623014952
JYOTISH BEST UPAY,2,2,16482.5,120.0,10.5,0.8208123927466453
Eskay Movies,2,1,354864.5,12053.5,2877.0,4.23936626834429
Lehren Marathi,2,2,14068.0,26.0,10.0,0.25715388334656686
Health Care Kannada,2,2,62721.0,0.0,0.0,0.0
Life Teach,2,1,124264.5,614.0,71.0,0.5625833805872127
Ghar Sansar Vastu Shastra,2,1,84123.0,489.0,20.0,0.6093283303405563
I Love U Raja,2,1,73347.0,87.5,7.0,0.13427157012035384
U can,2,1,101012.0,290.0,84.0,0.36999052007412625
Health Tips - Hakim Bari,2,1,357768.5,1454.0,0.0,0.4085243627623484
The Punjabi Tune,2,2,561931.5,4039.0,121.5,0.6797117777076753
Unitezz Media Official,2,1,58155.0,46.0,7.5,0.09193351100685712
The Comedy Factory,2,1,71730.0,1893.5,71.0,2.7465811772320965
Linkin Park,2,1,777442.0,85013.5,6983.0,12.680171925252639
Funny Vines,2,1,2172493.5,19281.0,738.0,0.9353127786557455
Living India News,2,2,29024.5,997.0,172.0,3.324253686519396
High Speed Records,2,1,1874670.0,19925.0,1175.0,1.1257010719289031
Comedy Caches,2,2,92158.0,2525.5,168.0,3.4017277720786048
Lehren Retro,2,1,94518.0,307.0,29.0,0.35886284882498287
MATCH OF THE DAY,2,1,494851.0,5793.0,789.5,1.3505517040688322
Useful Tamil channel,2,1,190685.0,441.5,32.0,0.2487066779649946
TARANG MUSIC,2,1,175311.0,648.5,100.5,0.4294823311405177
Jayaraj G Nath,1,1,107347.0,3596.0,292.0,3.621899074962505
RajDeepLive,1,1,20813.0,714.0,109.0,3.9542593571325613
TeluguZ TV,1,1,27159.0,29.0,5.0,0.125188703560514
Amrita TV Reality Shows,1,1,61707.0,271.0,158.0,0.695220963585979
ArkivaShqip,1,1,75003.0,905.0,13.0,1.2239510419583217
The Food Ranger,1,1,287298.0,9292.0,2031.0,3.941203906744913
Nayani Pavani,1,1,22206.0,571.0,55.0,2.8190579122759614
Jaaz Multimedia,1,1,130547.0,3273.0,397.0,2.8112480562556015
Netflix India,1,1,22833.0,327.0,29.0,1.5591468488591074
Glamrs,1,1,94053.0,2624.0,256.0,3.0621032821919556
JackieMT 2nd,1,1,2416034.0,22005.0,1460.0,0.9712197758806375
Nee Yaaruda Komali - NYK,1,1,43159.0,3423.0,285.0,8.591487291179128
Anil Yadav Entertainment,1,1,100052.0,392.0,61.0,0.45276456242753765
RangeRIX,1,1,284657.0,1510.0,166.0,0.5887787758600702
Indilinks News,1,1,79864.0,1591.0,178.0,2.215015526394871
Google India,1,1,10161505.0,37280.0,2660.0,0.39305201345666807
Anokhe totke,1,1,367797.0,2254.0,0.0,0.6128380601255584
Coldplay Official,1,1,181502.0,18674.0,1352.0,11.033487234300448
Indian World,1,1,23350.0,1152.0,143.0,5.546038543897216
egenius maths,1,1,35514.0,696.0,133.0,2.334290702258264
TehFuriousD TV,1,1,1100175.0,6142.0,298.0,0.5853614197741269
Techno Ruhez,1,1,100705.0,6540.0,1030.0,7.517005113946676
starjalshaindia,1,1,57887.0,422.0,23.0,0.7687390951336224
Pakkatv,1,1,13443.0,51.0,9.0,0.44632894443204646
PropheC Productions,1,1,180197.0,3561.0,391.0,2.193155268955643
Parayil Media,1,1,60426.0,478.0,28.0,0.8373878793896666
I Support Narendra Modi,1,1,49129.0,1610.0,551.0,4.398624030613283
7070 sports,1,1,79451.0,563.0,0.0,0.7086128557223949
6TV Telangana,1,1,16989.0,29.0,0.0,0.17069868738595562
Hyderabad Diaries Vlogs,1,1,37560.0,2844.0,439.0,8.740681576144835
Hindi News Video,1,1,1601069.0,2183.0,0.0,0.13634640355912206
2DayCinema,1,1,73264.0,71.0,9.0,0.10919414719371041
Hi Speed Records,1,1,880532.0,13462.0,842.0,1.6244724780019353
Pooja Luthra,1,1,14155.0,1044.0,149.0,8.428117273048393
জীবন-সমস্যার সমাধান,1,1,73191.0,7105.0,530.0,10.431610443907038
Punjab da media,1,1,70059.0,468.0,35.0,0.7179662855593143
Punjabi Live Shows,1,1,81220.0,569.0,90.0,0.8113765082491998
Illumination,1,1,3221044.0,48368.0,9578.0,1.798981944984297
REPUBLIC NEWS KANNADA,1,1,33975.0,43.0,0.0,0.12656364974245768
News VIdeo,1,1,7573.0,1.0,2.0,0.03961441964875215
Alpha Digitech,1,1,35641.0,399.0,37.0,1.2233102325972898
gallinews,1,1,36204.0,151.0,22.0,0.47784775162965415
All Updates,1,1,25318.0,1038.0,110.0,4.534323406272217
Talapatram,1,1,27278.0,84.0,3.0,0.318938338587873
Nigaz Records,1,1,69140.0,2839.0,293.0,4.529939253688169
Relique Records,1,1,60267.0,1425.0,177.0,2.658171138433969
pink tech,1,1,21988.0,109.0,7.0,0.5275604875386575
Telugu Trending,1,1,40314.0,13.0,3.0,0.039688445701245224
OCEAN MOVIE TALKIES,1,1,291136.0,728.0,18.0,0.25623763464497695
Half Ticket Media,1,1,31667.0,53.0,4.0,0.17999810528310228
PAK MEDIA ON INDIA,1,1,79645.0,500.0,161.0,0.829932826919455
Aabasam News,1,1,71292.0,37.0,12.0,0.06873141446445603
Tamil News World - தமிழ் செய்தி உலகம்,1,1,16336.0,27.0,7.0,0.2081292850146915
iQlikchannel,1,1,17884.0,700.0,172.0,4.875866696488481
Frogs Lehren,1,1,181117.0,3218.0,517.0,2.0622028854276517
Astro Shastra,1,1,165101.0,964.0,90.0,0.6383971023797554
Samachar Plus,1,1,209248.0,1207.0,535.0,0.8325049701789264
Sakshi TV Live,1,1,240605.0,2034.0,0.0,0.8453689657322168
David Guetta,1,1,1234928.0,81151.0,4595.0,6.94340074886957
Viral in India,1,1,11391.0,34.0,2.0,0.31603897814063736
MeriBuggi,1,1,34319.0,1004.0,14.0,2.9662868964713427
COMEDY SONOTEK,1,1,90105.0,909.0,123.0,1.1453304478108872
Delhi Darpan TV,1,1,161233.0,637.0,75.0,0.44159694355373896
Krishna Digital,1,1,253668.0,974.0,61.0,0.40801362410710057
Trending Today,1,1,30460.0,76.0,6.0,0.26920551543007226
Sachin Tendulkar,1,1,50604.0,4743.0,269.0,9.904355386925936
Business Of Cinema,1,1,2664065.0,2351.0,883.0,0.12139343446950432
Saa Music Productions,1,1,138750.0,948.0,175.0,0.8093693693693693
SpaceX,1,1,6401464.0,165883.0,3006.0,2.6382871168220268
STUDY GURUJI - GS KI DUNIYA,1,1,38008.0,561.0,0.0,1.476005051568091
Desi Tips hindi,1,1,43034.0,348.0,16.0,0.8458428219547334
STAR भारत,1,1,22085.0,193.0,16.0,0.9463436721756849
McDowell's No1 Soda,1,1,32408.0,355.0,17.0,1.1478647247593188
Sangeeta Gujarati,1,1,64599.0,1264.0,58.0,2.0464713076053807
Reporter Roy,1,1,11816.0,27.0,1.0,0.23696682464454977
Smart Series,1,1,15314.0,314.0,7.0,2.0961211962909756
Ciny Samachar,1,1,29846.0,22.0,3.0,0.08376331836762045
Crazy Gujjus,1,1,115454.0,4202.0,544.0,4.110728082179916
Silly Monks Tollywood,1,1,64528.0,1273.0,216.0,2.3075254153235805
VamosART,1,1,304884.0,3961.0,387.0,1.4261161622125136
Cinecurry Malayalam,1,1,989817.0,1460.0,77.0,0.15528122875238554
Cine Talkies,1,1,25822.0,66.0,9.0,0.29045000387266673
Skylark Pictures Entertainment,1,1,14752.0,859.0,62.0,6.24322125813449
Malayalam Filmibeat,1,1,62903.0,80.0,26.0,0.16851342543280926
Mallika,1,1,108414.0,3771.0,2491.0,5.776006788791115
Chennai Memes,1,1,106534.0,2929.0,131.0,2.8723224510484915
Life Hacks,1,1,347758.0,0.0,175.0,0.05032235060012998
Charan TV Online,1,1,99852.0,967.0,94.0,1.0625726074590394
Daily Poster,1,1,61805.0,0.0,40.0,0.06471968287355392
Tv9 Gujarati Live,1,1,2643320.0,8074.0,0.0,0.3054492078144152
Polimer TV,1,1,319937.0,602.0,2.0,0.18878716747359636
Kolkata24x7 News Stream,1,1,43480.0,62.0,5.0,0.15409383624655013
WLive,1,1,81648.0,1677.0,71.0,2.1408975112678816
Knews,1,1,41487.0,220.0,25.0,0.5905464362330369
SS TV TAMIL,1,1,94483.0,961.0,20.0,1.0382820189875428
Kannada,1,1,135341.0,973.0,46.0,0.7529130123170362
First India News,1,1,19584.0,52.0,5.0,0.29105392156862747
T-Series Marathi,1,1,46801.0,350.0,11.0,0.7713510395077028
NYOOOZ TV,1,1,264976.0,298.0,20.0,0.12001086890888232
Yaariyan Records,1,1,426596.0,15255.0,2046.0,4.055593582687132
BeautyExperts,1,1,345458.0,2214.0,122.0,0.6762037642781468
MFIP,1,1,16137.0,318.0,53.0,2.299064262254446
YouTube Got Talent,1,1,854900.0,10389.0,1065.0,1.3398058252427185
RiceGum,1,1,3734379.0,216725.0,14371.0,6.188338141361656
BapaoGiri,1,1,31432.0,1643.0,313.0,6.22295749554594
The Q,1,1,462704.0,12614.0,553.0,2.845663750475466
KCT News,1,1,351525.0,1163.0,212.0,0.39115283408007967
Reporter Tolpar,1,1,255150.0,673.0,104.0,0.3045267489711934
BLUSH,1,1,31101.0,1897.0,77.0,6.347062795408507
Jenny Farare,1,1,88358.0,252.0,33.0,0.3225514384662396
Filmi News,1,1,103783.0,59.0,11.0,0.06744842604280084
Blue Hawk Productions,1,1,16913.0,1272.0,167.0,8.50824809318276
Kannada Suddi,1,1,22893.0,509.0,16.0,2.2932774210457345
Kerala Muslim Speech,1,1,38192.0,397.0,61.0,1.1992040217846671
Muksmedia Rajasthani,1,1,60029.0,499.0,24.0,0.8712455646437556
Boombox Music,1,1,785085.0,17900.0,552.0,2.350318755294013
Dj Bapon,1,1,49333.0,4355.0,548.0,9.938580666085581
BollywoodKilla,1,1,475587.0,2158.0,319.0,0.5208300479197286
We Are A Sambavam : The Malayalam Comedy Channel,1,1,71676.0,3339.0,390.0,5.202578268876612
Top 5,1,1,46169.0,88.0,6.0,0.20359981805973706
Kerala Fans Club,1,1,37279.0,29.0,26.0,0.14753614635585718
NDN News,1,1,63647.0,108.0,20.0,0.20110924316935597
Bollywood Sins,1,1,156063.0,5406.0,1047.0,4.13486861075335
Empty minds,1,1,28131.0,0.0,13.0,0.046212363584657495
Eros Now Movies Preview,1,1,95148.0,593.0,28.0,0.6526674233825198
Wide Angle Pictures,1,1,11337.0,434.0,53.0,4.295669048249096
WowShow,1,1,204425.0,566.0,47.0,0.2998654763360646
Wrestling Reality,1,1,161715.0,4402.0,201.0,2.8463655195869277
Challenge Mantra,1,1,23023.0,63.0,38.0,0.4386917430395691
